program,language,run,epoch_start_ns,epoch_end_ns,duration_ms
01_fib_recursive,c,1,1791501948416864881,1791501948420751672,3.887
01_fib_recursive,c,2,1791501948420753085,1791501948424563834,3.811
01_fib_recursive,c,3,1791501948424564565,1791501948428440736,3.876
01_fib_recursive,c,4,1791501948428441348,1791501948432213174,3.772
01_fib_recursive,c,5,1791501948432213765,1791501948436020005,3.806
01_fib_recursive,c,6,1791501948436022330,1791501948439814945,3.793
01_fib_recursive,c,7,1791501948439815546,1791501948443652324,3.837
01_fib_recursive,c,8,1791501948443652995,1791501948447748673,4.096
01_fib_recursive,c,9,1791501948447749244,1791501948451791767,4.043
01_fib_recursive,c,10,1791501948451794172,1791501948455825374,4.031
01_fib_recursive,cpp,1,1791501948461314820,1791501948466535981,5.221
01_fib_recursive,cpp,2,1791501948466536863,1791501948471800974,5.264
01_fib_recursive,cpp,3,1791501948471801535,1791501948476974977,5.173
01_fib_recursive,cpp,4,1791501948476975518,1791501948482111480,5.136
01_fib_recursive,cpp,5,1791501948482112171,1791501948487532084,5.420
01_fib_recursive,cpp,6,1791501948487533707,1791501948492641496,5.108
01_fib_recursive,cpp,7,1791501948492642578,1791501948497840646,5.198
01_fib_recursive,cpp,8,1791501948497841328,1791501948503257053,5.416
01_fib_recursive,cpp,9,1791501948503257765,1791501948508712483,5.455
01_fib_recursive,cpp,10,1791501948508715228,1791501948513844097,5.129
01_fib_recursive,rust,1,1791501948519044118,1791501948523742290,4.698
01_fib_recursive,rust,2,1791501948523743292,1791501948528372073,4.629
01_fib_recursive,rust,3,1791501948528372694,1791501948533028046,4.655
01_fib_recursive,rust,4,1791501948533028747,1791501948537691863,4.663
01_fib_recursive,rust,5,1791501948537692584,1791501948542279948,4.587
01_fib_recursive,rust,6,1791501948542282112,1791501948546996604,4.714
01_fib_recursive,rust,7,1791501948546997556,1791501948551809310,4.812
01_fib_recursive,rust,8,1791501948551810141,1791501948556344396,4.534
01_fib_recursive,rust,9,1791501948556345057,1791501948560987414,4.642
01_fib_recursive,rust,10,1791501948560989448,1791501948565726091,4.737
01_fib_recursive,go,1,1791501948574241471,1791501948582256236,8.015
01_fib_recursive,go,2,1791501948582258881,1791501948590721096,8.462
01_fib_recursive,go,3,1791501948590721877,1791501948599114159,8.392
01_fib_recursive,go,4,1791501948599114971,1791501948607741950,8.627
01_fib_recursive,go,5,1791501948607742802,1791501948616148549,8.406
01_fib_recursive,go,6,1791501948616150833,1791501948625012547,8.862
01_fib_recursive,go,7,1791501948625013569,1791501948633868405,8.855
01_fib_recursive,go,8,1791501948633869226,1791501948642262139,8.393
01_fib_recursive,go,9,1791501948642262971,1791501948650910711,8.648
01_fib_recursive,go,10,1791501948650913256,1791501948658929343,8.016
01_fib_recursive,salam_llvm,1,1791501948663985971,1791501948668464471,4.479
01_fib_recursive,salam_llvm,2,1791501948668465463,1791501948672995670,4.530
01_fib_recursive,salam_llvm,3,1791501948672996150,1791501948677454953,4.459
01_fib_recursive,salam_llvm,4,1791501948677455464,1791501948681828486,4.373
01_fib_recursive,salam_llvm,5,1791501948681828938,1791501948686247665,4.419
01_fib_recursive,salam_llvm,6,1791501948686249759,1791501948690652357,4.403
01_fib_recursive,salam_llvm,7,1791501948690652928,1791501948695083468,4.431
01_fib_recursive,salam_llvm,8,1791501948695083939,1791501948699530119,4.446
01_fib_recursive,salam_llvm,9,1791501948699530709,1791501948703975667,4.445
01_fib_recursive,salam_llvm,10,1791501948703978612,1791501948708541119,4.563
01_fib_recursive,salam_gcc,1,1791501948712654723,1791501948716565941,3.911
01_fib_recursive,salam_gcc,2,1791501948716566632,1791501948720467480,3.901
01_fib_recursive,salam_gcc,3,1791501948720468041,1791501948724356846,3.889
01_fib_recursive,salam_gcc,4,1791501948724357387,1791501948728233659,3.876
01_fib_recursive,salam_gcc,5,1791501948728234109,1791501948732091916,3.858
01_fib_recursive,salam_gcc,6,1791501948732093580,1791501948735995650,3.902
01_fib_recursive,salam_gcc,7,1791501948735996211,1791501948739866661,3.870
01_fib_recursive,salam_gcc,8,1791501948739867193,1791501948743766688,3.899
01_fib_recursive,salam_gcc,9,1791501948743767409,1791501948747560495,3.793
01_fib_recursive,salam_gcc,10,1791501948747562549,1791501948751458437,3.896
01_fib_recursive,salam_tcc,1,1791501948756272260,1791501948760701207,4.429
01_fib_recursive,salam_tcc,2,1791501948760702269,1791501948765090991,4.389
01_fib_recursive,salam_tcc,3,1791501948765091582,1791501948769522683,4.431
01_fib_recursive,salam_tcc,4,1791501948769523214,1791501948774067146,4.544
01_fib_recursive,salam_tcc,5,1791501948774067828,1791501948778539856,4.472
01_fib_recursive,salam_tcc,6,1791501948778542300,1791501948782929449,4.387
01_fib_recursive,salam_tcc,7,1791501948782930010,1791501948787326526,4.397
01_fib_recursive,salam_tcc,8,1791501948787327027,1791501948791746537,4.420
01_fib_recursive,salam_tcc,9,1791501948791747088,1791501948796081528,4.334
01_fib_recursive,salam_tcc,10,1791501948796083642,1791501948800448589,4.365
01_fib_recursive,php,1,1791501948869879850,1791501948940043713,70.164
01_fib_recursive,php,2,1791501948940044825,1791501949010904367,70.860
01_fib_recursive,php,3,1791501949010905178,1791501949080939909,70.035
01_fib_recursive,php,4,1791501949080940621,1791501949151323544,70.383
01_fib_recursive,php,5,1791501949151324446,1791501949221224244,69.900
01_fib_recursive,php,6,1791501949221227029,1791501949291016030,69.789
01_fib_recursive,php,7,1791501949291017042,1791501949361272056,70.255
01_fib_recursive,php,8,1791501949361273128,1791501949431331814,70.059
01_fib_recursive,php,9,1791501949431332796,1791501949503057964,71.725
01_fib_recursive,php,10,1791501949503060299,1791501949573874710,70.814
01_fib_recursive,python,1,1791501949688574837,1791501949801558367,112.984
01_fib_recursive,python,2,1791501949801560742,1791501949915283868,113.723
01_fib_recursive,python,3,1791501949915284529,1791501950029012965,113.728
01_fib_recursive,python,4,1791501950029013816,1791501950141809698,112.796
01_fib_recursive,python,5,1791501950141810499,1791501950259568716,117.758
01_fib_recursive,python,6,1791501950259571171,1791501950373019934,113.449
01_fib_recursive,python,7,1791501950373020616,1791501950491236580,118.216
01_fib_recursive,python,8,1791501950491237211,1791501950604385251,113.148
01_fib_recursive,python,9,1791501950604386002,1791501950718983548,114.598
01_fib_recursive,python,10,1791501950718986043,1791501950832320823,113.335
02_fib_iterative,c,1,1791501956255097751,1791501956276583941,21.486
02_fib_iterative,c,2,1791501956276585193,1791501956297891096,21.306
02_fib_iterative,c,3,1791501956297891937,1791501956319085028,21.193
02_fib_iterative,c,4,1791501956319086100,1791501956340357919,21.272
02_fib_iterative,c,5,1791501956340358730,1791501956361565347,21.207
02_fib_iterative,c,6,1791501956361568102,1791501956382681283,21.113
02_fib_iterative,c,7,1791501956382682035,1791501956403784877,21.103
02_fib_iterative,c,8,1791501956403785658,1791501956424959703,21.174
02_fib_iterative,c,9,1791501956424960765,1791501956446099925,21.139
02_fib_iterative,c,10,1791501956446102430,1791501956467303476,21.201
02_fib_iterative,cpp,1,1791501956490148832,1791501956512680791,22.532
02_fib_iterative,cpp,2,1791501956512682214,1791501956535463891,22.782
02_fib_iterative,cpp,3,1791501956535464863,1791501956558270454,22.806
02_fib_iterative,cpp,4,1791501956558271336,1791501956581160284,22.889
02_fib_iterative,cpp,5,1791501956581161306,1791501956603850069,22.689
02_fib_iterative,cpp,6,1791501956603852133,1791501956626374193,22.522
02_fib_iterative,cpp,7,1791501956626374985,1791501956648900522,22.526
02_fib_iterative,cpp,8,1791501956648902125,1791501956671554019,22.652
02_fib_iterative,cpp,9,1791501956671555010,1791501956694112958,22.558
02_fib_iterative,cpp,10,1791501956694115523,1791501956716750555,22.635
02_fib_iterative,rust,1,1791501956738985227,1791501956761033681,22.048
02_fib_iterative,rust,2,1791501956761034793,1791501956782941892,21.907
02_fib_iterative,rust,3,1791501956782942523,1791501956804688981,21.746
02_fib_iterative,rust,4,1791501956804689612,1791501956826406243,21.717
02_fib_iterative,rust,5,1791501956826406885,1791501956848104100,21.697
02_fib_iterative,rust,6,1791501956848107196,1791501956869883089,21.776
02_fib_iterative,rust,7,1791501956869883730,1791501956891696321,21.813
02_fib_iterative,rust,8,1791501956891696973,1791501956913595024,21.898
02_fib_iterative,rust,9,1791501956913595685,1791501956935384062,21.788
02_fib_iterative,rust,10,1791501956935387528,1791501956957222872,21.835
02_fib_iterative,go,1,1791501956979700642,1791501957002476606,22.776
02_fib_iterative,go,2,1791501957002479221,1791501957025011310,22.532
02_fib_iterative,go,3,1791501957025012242,1791501957047703151,22.691
02_fib_iterative,go,4,1791501957047703993,1791501957070424205,22.720
02_fib_iterative,go,5,1791501957070425047,1791501957093265994,22.841
02_fib_iterative,go,6,1791501957093268780,1791501957116392768,23.124
02_fib_iterative,go,7,1791501957116393589,1791501957139006610,22.613
02_fib_iterative,go,8,1791501957139007602,1791501957161845562,22.838
02_fib_iterative,go,9,1791501957161846434,1791501957184452314,22.606
02_fib_iterative,go,10,1791501957184455189,1791501957207103854,22.649
02_fib_iterative,salam_llvm,1,1791501957228632654,1791501957250165131,21.532
02_fib_iterative,salam_llvm,2,1791501957250166524,1791501957271535234,21.369
02_fib_iterative,salam_llvm,3,1791501957271536366,1791501957292800550,21.264
02_fib_iterative,salam_llvm,4,1791501957292801652,1791501957314221508,21.420
02_fib_iterative,salam_llvm,5,1791501957314222410,1791501957335761950,21.540
02_fib_iterative,salam_llvm,6,1791501957335764224,1791501957357020844,21.257
02_fib_iterative,salam_llvm,7,1791501957357022076,1791501957378197444,21.175
02_fib_iterative,salam_llvm,8,1791501957378198236,1791501957399383883,21.186
02_fib_iterative,salam_llvm,9,1791501957399384704,1791501957420663145,21.278
02_fib_iterative,salam_llvm,10,1791501957420665650,1791501957441921689,21.256
02_fib_iterative,salam_gcc,1,1791501957463500813,1791501957484816904,21.316
02_fib_iterative,salam_gcc,2,1791501957484818367,1791501957506164715,21.346
02_fib_iterative,salam_gcc,3,1791501957506165617,1791501957527693355,21.528
02_fib_iterative,salam_gcc,4,1791501957527694497,1791501957549280725,21.586
02_fib_iterative,salam_gcc,5,1791501957549281776,1791501957570874686,21.593
02_fib_iterative,salam_gcc,6,1791501957570878033,1791501957592214061,21.336
02_fib_iterative,salam_gcc,7,1791501957592214863,1791501957613468648,21.254
02_fib_iterative,salam_gcc,8,1791501957613469570,1791501957634839452,21.370
02_fib_iterative,salam_gcc,9,1791501957634840433,1791501957656323227,21.483
02_fib_iterative,salam_gcc,10,1791501957656326884,1791501957677650409,21.324
02_fib_iterative,salam_tcc,1,1791501957699619013,1791501957721514941,21.896
02_fib_iterative,salam_tcc,2,1791501957721516323,1791501957743162604,21.646
02_fib_iterative,salam_tcc,3,1791501957743163445,1791501957764879546,21.716
02_fib_iterative,salam_tcc,4,1791501957764880417,1791501957787110200,22.230
02_fib_iterative,salam_tcc,5,1791501957787111253,1791501957809256647,22.145
02_fib_iterative,salam_tcc,6,1791501957809260745,1791501957831233286,21.973
02_fib_iterative,salam_tcc,7,1791501957831234639,1791501957853108736,21.874
02_fib_iterative,salam_tcc,8,1791501957853109677,1791501957874852448,21.743
02_fib_iterative,salam_tcc,9,1791501957874853380,1791501957896390285,21.537
02_fib_iterative,salam_tcc,10,1791501957896393171,1791501957918058366,21.665
02_fib_iterative,php,1,1791501957983046057,1791501958048354119,65.308
02_fib_iterative,php,2,1791501958048356784,1791501958113504141,65.147
02_fib_iterative,php,3,1791501958113504862,1791501958178247290,64.742
02_fib_iterative,php,4,1791501958178248202,1791501958242888467,64.640
02_fib_iterative,php,5,1791501958242889429,1791501958308044159,65.155
02_fib_iterative,php,6,1791501958308047124,1791501958372866355,64.819
02_fib_iterative,php,7,1791501958372867307,1791501958437710463,64.843
02_fib_iterative,php,8,1791501958437711144,1791501958502070063,64.359
02_fib_iterative,php,9,1791501958502070725,1791501958566832909,64.762
02_fib_iterative,php,10,1791501958566835584,1791501958632046188,65.211
02_fib_iterative,python,1,1791501959486039464,1791501960349051338,863.012
02_fib_iterative,python,2,1791501960349052280,1791501961199890552,850.838
02_fib_iterative,python,3,1791501961199891373,1791501962074940223,875.049
02_fib_iterative,python,4,1791501962074940884,1791501962938803301,863.862
02_fib_iterative,python,5,1791501962938804103,1791501963797926131,859.122
02_fib_iterative,python,6,1791501963797927744,1791501964677671347,879.744
02_fib_iterative,python,7,1791501964677671969,1791501965543894055,866.222
02_fib_iterative,python,8,1791501965543894747,1791501966408558161,864.663
02_fib_iterative,python,9,1791501966408559023,1791501967260192877,851.634
02_fib_iterative,python,10,1791501967260194901,1791501968106641137,846.446
03_primes_count,c,1,1791501972759162913,1791501972764642641,5.480
03_primes_count,c,2,1791501972764658721,1791501972770034241,5.376
03_primes_count,c,3,1791501972770048548,1791501972775328579,5.280
03_primes_count,c,4,1791501972775343516,1791501972780639838,5.296
03_primes_count,c,5,1791501972780656990,1791501972786096279,5.439
03_primes_count,c,6,1791501972786111959,1791501972791437905,5.326
03_primes_count,c,7,1791501972791452383,1791501972796781616,5.329
03_primes_count,c,8,1791501972796796414,1791501972802095040,5.299
03_primes_count,c,9,1791501972802109036,1791501972807406880,5.298
03_primes_count,c,10,1791501972807422710,1791501972812698093,5.275
03_primes_count,cpp,1,1791501972819457911,1791501972825736974,6.279
03_primes_count,cpp,2,1791501972825737575,1791501972831958538,6.221
03_primes_count,cpp,3,1791501972831958909,1791501972838179011,6.220
03_primes_count,cpp,4,1791501972838179512,1791501972844542302,6.363
03_primes_count,cpp,5,1791501972844542872,1791501972851305511,6.763
03_primes_count,cpp,6,1791501972851312404,1791501972857858667,6.546
03_primes_count,cpp,7,1791501972857859118,1791501972864221907,6.363
03_primes_count,cpp,8,1791501972864222318,1791501972870914084,6.692
03_primes_count,cpp,9,1791501972870914615,1791501972877438175,6.524
03_primes_count,cpp,10,1791501972877441341,1791501972884042437,6.601
03_primes_count,rust,1,1791501972889754988,1791501972895130088,5.375
03_primes_count,rust,2,1791501972895131079,1791501972900324539,5.193
03_primes_count,rust,3,1791501972900325100,1791501972905682035,5.357
03_primes_count,rust,4,1791501972905682586,1791501972910956616,5.274
03_primes_count,rust,5,1791501972910957166,1791501972916126811,5.170
03_primes_count,rust,6,1791501972916128364,1791501972921261990,5.134
03_primes_count,rust,7,1791501972921262371,1791501972926392762,5.130
03_primes_count,rust,8,1791501972926393293,1791501972931539032,5.146
03_primes_count,rust,9,1791501972931539694,1791501972936635870,5.096
03_primes_count,rust,10,1791501972936637934,1791501972941936199,5.298
03_primes_count,go,1,1791501972949074789,1791501972955644406,6.570
03_primes_count,go,2,1791501972955645107,1791501972962294844,6.650
03_primes_count,go,3,1791501972962295345,1791501972968833834,6.538
03_primes_count,go,4,1791501972968834605,1791501972975960694,7.126
03_primes_count,go,5,1791501972975961756,1791501972982743654,6.782
03_primes_count,go,6,1791501972982745357,1791501972989326051,6.581
03_primes_count,go,7,1791501972989326693,1791501972995685555,6.359
03_primes_count,go,8,1791501972995686166,1791501973002021103,6.335
03_primes_count,go,9,1791501973002021705,1791501973008712158,6.690
03_primes_count,go,10,1791501973008714592,1791501973015200823,6.486
03_primes_count,salam_llvm,1,1791501973020708060,1791501973025732832,5.025
03_primes_count,salam_llvm,2,1791501973025733534,1791501973030698585,4.965
03_primes_count,salam_llvm,3,1791501973030699226,1791501973035700846,5.002
03_primes_count,salam_llvm,4,1791501973035701297,1791501973040658202,4.957
03_primes_count,salam_llvm,5,1791501973040658693,1791501973045673768,5.015
03_primes_count,salam_llvm,6,1791501973045675722,1791501973050776176,5.100
03_primes_count,salam_llvm,7,1791501973050776928,1791501973056103847,5.327
03_primes_count,salam_llvm,8,1791501973056104568,1791501973061326510,5.222
03_primes_count,salam_llvm,9,1791501973061327021,1791501973066394975,5.068
03_primes_count,salam_llvm,10,1791501973066397610,1791501973071325902,4.928
03_primes_count,salam_gcc,1,1791501973077025670,1791501973082608247,5.583
03_primes_count,salam_gcc,2,1791501973082610191,1791501973088081550,5.471
03_primes_count,salam_gcc,3,1791501973088082051,1791501973093642658,5.561
03_primes_count,salam_gcc,4,1791501973093643059,1791501973099173449,5.530
03_primes_count,salam_gcc,5,1791501973099173970,1791501973104772400,5.598
03_primes_count,salam_gcc,6,1791501973104774534,1791501973110263707,5.489
03_primes_count,salam_gcc,7,1791501973110265069,1791501973115737311,5.472
03_primes_count,salam_gcc,8,1791501973115737731,1791501973121138268,5.401
03_primes_count,salam_gcc,9,1791501973121138769,1791501973126629595,5.491
03_primes_count,salam_gcc,10,1791501973126632180,1791501973132143184,5.511
03_primes_count,salam_tcc,1,1791501973137680507,1791501973142873374,5.193
03_primes_count,salam_tcc,2,1791501973142875789,1791501973148030035,5.154
03_primes_count,salam_tcc,3,1791501973148030576,1791501973153099922,5.069
03_primes_count,salam_tcc,4,1791501973153100483,1791501973158198533,5.098
03_primes_count,salam_tcc,5,1791501973158199164,1791501973163379929,5.181
03_primes_count,salam_tcc,6,1791501973163381512,1791501973168460226,5.079
03_primes_count,salam_tcc,7,1791501973168460767,1791501973173475301,5.015
03_primes_count,salam_tcc,8,1791501973173475953,1791501973178619849,5.144
03_primes_count,salam_tcc,9,1791501973178620480,1791501973183665811,5.045
03_primes_count,salam_tcc,10,1791501973183668226,1791501973188664866,4.997
03_primes_count,php,1,1791501973214937312,1791501973241111554,26.174
03_primes_count,php,2,1791501973241112566,1791501973267182172,26.070
03_primes_count,php,3,1791501973267182823,1791501973293180645,25.998
03_primes_count,php,4,1791501973293181276,1791501973318699148,25.518
03_primes_count,php,5,1791501973318699800,1791501973344666463,25.967
03_primes_count,php,6,1791501973344669458,1791501973370609532,25.940
03_primes_count,php,7,1791501973370610203,1791501973396136111,25.526
03_primes_count,php,8,1791501973396136742,1791501973421349423,25.213
03_primes_count,php,9,1791501973421350014,1791501973446248717,24.899
03_primes_count,php,10,1791501973446252113,1791501973472071140,25.819
03_primes_count,python,1,1791501973672265368,1791501973874903499,202.638
03_primes_count,python,2,1791501973874904882,1791501974081135924,206.231
03_primes_count,python,3,1791501974081136926,1791501974279895872,198.759
03_primes_count,python,4,1791501974279896574,1791501974492240838,212.344
03_primes_count,python,5,1791501974492241830,1791501974696398288,204.156
03_primes_count,python,6,1791501974696400081,1791501974895830565,199.430
03_primes_count,python,7,1791501974895831667,1791501975112620999,216.789
03_primes_count,python,8,1791501975112621670,1791501975312139287,199.518
03_primes_count,python,9,1791501975312140289,1791501975510868613,198.728
03_primes_count,python,10,1791501975510871479,1791501975713107849,202.236
04_collatz,c,1,1791501980690166274,1791501980695770562,5.604
04_collatz,c,2,1791501980695771193,1791501980701270655,5.499
04_collatz,c,3,1791501980701271106,1791501980706766000,5.495
04_collatz,c,4,1791501980706766480,1791501980712208815,5.442
04_collatz,c,5,1791501980712209216,1791501980717735268,5.526
04_collatz,c,6,1791501980717736390,1791501980723204633,5.468
04_collatz,c,7,1791501980723205014,1791501980728613455,5.408
04_collatz,c,8,1791501980728613856,1791501980734027156,5.413
04_collatz,c,9,1791501980734027697,1791501980739534814,5.507
04_collatz,c,10,1791501980739536627,1791501980745179478,5.643
04_collatz,cpp,1,1791501980752746480,1791501980759684437,6.938
04_collatz,cpp,2,1791501980759685228,1791501980766820004,7.135
04_collatz,cpp,3,1791501980766820725,1791501980773873419,7.053
04_collatz,cpp,4,1791501980773873920,1791501980781119913,7.246
04_collatz,cpp,5,1791501980781120635,1791501980788083147,6.963
04_collatz,cpp,6,1791501980788084680,1791501980794953808,6.869
04_collatz,cpp,7,1791501980794954319,1791501980801752463,6.798
04_collatz,cpp,8,1791501980801752894,1791501980808676243,6.923
04_collatz,cpp,9,1791501980808676965,1791501980815917718,7.241
04_collatz,cpp,10,1791501980815920443,1791501980823103920,7.183
04_collatz,rust,1,1791501980829089317,1791501980834417078,5.328
04_collatz,rust,2,1791501980834419132,1791501980839803548,5.384
04_collatz,rust,3,1791501980839804149,1791501980845117402,5.313
04_collatz,rust,4,1791501980845118184,1791501980850418142,5.300
04_collatz,rust,5,1791501980850418893,1791501980855943542,5.525
04_collatz,rust,6,1791501980855946498,1791501980861553842,5.607
04_collatz,rust,7,1791501980861555044,1791501980866832961,5.278
04_collatz,rust,8,1791501980866833462,1791501980872054733,5.221
04_collatz,rust,9,1791501980872055203,1791501980877313153,5.258
04_collatz,rust,10,1791501980877315838,1791501980882568488,5.253
04_collatz,go,1,1791501980890876355,1791501980899208834,8.332
04_collatz,go,2,1791501980899210146,1791501980907427796,8.218
04_collatz,go,3,1791501980907428918,1791501980916256394,8.827
04_collatz,go,4,1791501980916257185,1791501980924884661,8.627
04_collatz,go,5,1791501980924885543,1791501980933892545,9.007
04_collatz,go,6,1791501980933895000,1791501980942321775,8.427
04_collatz,go,7,1791501980942322597,1791501980950722462,8.400
04_collatz,go,8,1791501980950723294,1791501980959121686,8.398
04_collatz,go,9,1791501980959122487,1791501980967343528,8.221
04_collatz,go,10,1791501980967347094,1791501980975846115,8.499
04_collatz,salam_llvm,1,1791501980981444672,1791501980986792781,5.348
04_collatz,salam_llvm,2,1791501980986794404,1791501980992186354,5.392
04_collatz,salam_llvm,3,1791501980992187126,1791501980997446909,5.260
04_collatz,salam_llvm,4,1791501980997447500,1791501981002741427,5.294
04_collatz,salam_llvm,5,1791501981002742048,1791501981007933733,5.192
04_collatz,salam_llvm,6,1791501981007935527,1791501981013136459,5.201
04_collatz,salam_llvm,7,1791501981013137120,1791501981018344996,5.208
04_collatz,salam_llvm,8,1791501981018345547,1791501981023447154,5.102
04_collatz,salam_llvm,9,1791501981023448106,1791501981028741612,5.294
04_collatz,salam_llvm,10,1791501981028744176,1791501981034003929,5.260
04_collatz,salam_gcc,1,1791501981039894073,1791501981045623426,5.729
04_collatz,salam_gcc,2,1791501981045624488,1791501981051261648,5.637
04_collatz,salam_gcc,3,1791501981051262229,1791501981056964951,5.703
04_collatz,salam_gcc,4,1791501981056965743,1791501981062803318,5.838
04_collatz,salam_gcc,5,1791501981062804159,1791501981068525507,5.721
04_collatz,salam_gcc,6,1791501981068527711,1791501981074149262,5.622
04_collatz,salam_gcc,7,1791501981074149883,1791501981079750374,5.600
04_collatz,salam_gcc,8,1791501981079750915,1791501981085314126,5.563
04_collatz,salam_gcc,9,1791501981085315028,1791501981090952940,5.638
04_collatz,salam_gcc,10,1791501981090955755,1791501981096597723,5.642
04_collatz,salam_tcc,1,1791501981102131500,1791501981107633687,5.502
04_collatz,salam_tcc,2,1791501981107636692,1791501981113083906,5.447
04_collatz,salam_tcc,3,1791501981113084618,1791501981118521202,5.437
04_collatz,salam_tcc,4,1791501981118522173,1791501981123823124,5.301
04_collatz,salam_tcc,5,1791501981123823795,1791501981129064512,5.241
04_collatz,salam_tcc,6,1791501981129066866,1791501981134305991,5.239
04_collatz,salam_tcc,7,1791501981134306522,1791501981139465917,5.159
04_collatz,salam_tcc,8,1791501981139466487,1791501981144756878,5.290
04_collatz,salam_tcc,9,1791501981144757699,1791501981149945097,5.187
04_collatz,salam_tcc,10,1791501981149947241,1791501981155168301,5.221
04_collatz,php,1,1791501981229289407,1791501981303200581,73.911
04_collatz,php,2,1791501981303201934,1791501981377555206,74.353
04_collatz,php,3,1791501981377556449,1791501981451731648,74.175
04_collatz,php,4,1791501981451732399,1791501981526324048,74.592
04_collatz,php,5,1791501981526325140,1791501981600634811,74.310
04_collatz,php,6,1791501981600637176,1791501981674900149,74.263
04_collatz,php,7,1791501981674901061,1791501981749685161,74.784
04_collatz,php,8,1791501981749685832,1791501981823928567,74.243
04_collatz,php,9,1791501981823929539,1791501981898003018,74.073
04_collatz,php,10,1791501981898005593,1791501981971953977,73.948
04_collatz,python,1,1791501982416178660,1791501982851834572,435.656
04_collatz,python,2,1791501982851835654,1791501983302996290,451.161
04_collatz,python,3,1791501983302996992,1791501983739483599,436.487
04_collatz,python,4,1791501983739501934,1791501984203503074,464.001
04_collatz,python,5,1791501984203503745,1791501984642128448,438.625
04_collatz,python,6,1791501984642131514,1791501985096997021,454.866
04_collatz,python,7,1791501985096997732,1791501985536998052,440.000
04_collatz,python,8,1791501985536998774,1791501985974849689,437.851
04_collatz,python,9,1791501985974850320,1791501986424482203,449.632
04_collatz,python,10,1791501986424503323,1791501986864354443,439.851
05_sum_mod,c,1,1791501991931096338,1791501991944744155,13.648
05_sum_mod,c,2,1791501991944756568,1791501991958440423,13.684
05_sum_mod,c,3,1791501991958441314,1791501991972095132,13.654
05_sum_mod,c,4,1791501991972095693,1791501991985466481,13.371
05_sum_mod,c,5,1791501991985466982,1791501991998917840,13.451
05_sum_mod,c,6,1791501991998933690,1791501992012414554,13.481
05_sum_mod,c,7,1791501992012415235,1791501992025920745,13.506
05_sum_mod,c,8,1791501992025921587,1791501992039865348,13.944
05_sum_mod,c,9,1791501992039865989,1791501992053515690,13.650
05_sum_mod,c,10,1791501992053527582,1791501992067035306,13.508
05_sum_mod,cpp,1,1791501992082000606,1791501992096916669,14.916
05_sum_mod,cpp,2,1791501992096917760,1791501992111817853,14.900
05_sum_mod,cpp,3,1791501992111818374,1791501992126558627,14.740
05_sum_mod,cpp,4,1791501992126559299,1791501992141390523,14.831
05_sum_mod,cpp,5,1791501992141391184,1791501992156394891,15.004
05_sum_mod,cpp,6,1791501992156397185,1791501992171391234,14.994
05_sum_mod,cpp,7,1791501992171391875,1791501992186512992,15.121
05_sum_mod,cpp,8,1791501992186513563,1791501992201256331,14.743
05_sum_mod,cpp,9,1791501992201257062,1791501992216314950,15.058
05_sum_mod,cpp,10,1791501992216317916,1791501992231004589,14.687
05_sum_mod,rust,1,1791501992245835144,1791501992260415618,14.580
05_sum_mod,rust,2,1791501992260416750,1791501992275191007,14.774
05_sum_mod,rust,3,1791501992275191668,1791501992290043140,14.851
05_sum_mod,rust,4,1791501992290044011,1791501992304772593,14.729
05_sum_mod,rust,5,1791501992304773244,1791501992319461219,14.688
05_sum_mod,rust,6,1791501992319464055,1791501992334458594,14.995
05_sum_mod,rust,7,1791501992334459226,1791501992349208356,14.749
05_sum_mod,rust,8,1791501992349208937,1791501992363896681,14.688
05_sum_mod,rust,9,1791501992363897173,1791501992378734347,14.837
05_sum_mod,rust,10,1791501992378737543,1791501992393478187,14.741
05_sum_mod,go,1,1791501992408454914,1791501992423306686,14.852
05_sum_mod,go,2,1791501992423308630,1791501992438350337,15.042
05_sum_mod,go,3,1791501992438351129,1791501992453182528,14.831
05_sum_mod,go,4,1791501992453183019,1791501992468032427,14.849
05_sum_mod,go,5,1791501992468033008,1791501992482936958,14.904
05_sum_mod,go,6,1791501992482938591,1791501992497960612,15.022
05_sum_mod,go,7,1791501992497961785,1791501992512871596,14.910
05_sum_mod,go,8,1791501992512872237,1791501992527660249,14.788
05_sum_mod,go,9,1791501992527660881,1791501992542400503,14.740
05_sum_mod,go,10,1791501992542404610,1791501992557676634,15.272
05_sum_mod,salam_llvm,1,1791501992571899899,1791501992586115349,14.215
05_sum_mod,salam_llvm,2,1791501992586118596,1791501992600340137,14.222
05_sum_mod,salam_llvm,3,1791501992600340798,1791501992614153734,13.813
05_sum_mod,salam_llvm,4,1791501992614154336,1791501992627939490,13.785
05_sum_mod,salam_llvm,5,1791501992627939931,1791501992641644073,13.704
05_sum_mod,salam_llvm,6,1791501992641645987,1791501992655378632,13.733
05_sum_mod,salam_llvm,7,1791501992655379173,1791501992669355972,13.977
05_sum_mod,salam_llvm,8,1791501992669356683,1791501992683178776,13.822
05_sum_mod,salam_llvm,9,1791501992683179237,1791501992697021168,13.842
05_sum_mod,salam_llvm,10,1791501992697025466,1791501992711053555,14.028
05_sum_mod,salam_gcc,1,1791501992724897710,1791501992738756261,13.859
05_sum_mod,salam_gcc,2,1791501992738757483,1791501992752419156,13.662
05_sum_mod,salam_gcc,3,1791501992752419547,1791501992765970432,13.551
05_sum_mod,salam_gcc,4,1791501992765971174,1791501992779850554,13.879
05_sum_mod,salam_gcc,5,1791501992779851396,1791501992793776131,13.925
05_sum_mod,salam_gcc,6,1791501992793778626,1791501992807517543,13.739
05_sum_mod,salam_gcc,7,1791501992807518145,1791501992821014317,13.496
05_sum_mod,salam_gcc,8,1791501992821014778,1791501992834539144,13.524
05_sum_mod,salam_gcc,9,1791501992834539955,1791501992848039003,13.499
05_sum_mod,salam_gcc,10,1791501992848041608,1791501992861582815,13.541
05_sum_mod,salam_tcc,1,1791501992875849790,1791501992890085628,14.236
05_sum_mod,salam_tcc,2,1791501992890086730,1791501992904233762,14.147
05_sum_mod,salam_tcc,3,1791501992904234604,1791501992918223058,13.988
05_sum_mod,salam_tcc,4,1791501992918223870,1791501992932299498,14.076
05_sum_mod,salam_tcc,5,1791501992932300600,1791501992946194107,13.894
05_sum_mod,salam_tcc,6,1791501992946195751,1791501992960012604,13.817
05_sum_mod,salam_tcc,7,1791501992960013746,1791501992973810932,13.797
05_sum_mod,salam_tcc,8,1791501992973811844,1791501992987836146,14.024
05_sum_mod,salam_tcc,9,1791501992987837379,1791501993002109054,14.272
05_sum_mod,salam_tcc,10,1791501993002113603,1791501993016278438,14.165
05_sum_mod,php,1,1791501993053885944,1791501993091661139,37.775
05_sum_mod,php,2,1791501993091662482,1791501993129245306,37.583
05_sum_mod,php,3,1791501993129245928,1791501993167070525,37.825
05_sum_mod,php,4,1791501993167071397,1791501993204701050,37.630
05_sum_mod,php,5,1791501993204701781,1791501993241900567,37.199
05_sum_mod,php,6,1791501993241902690,1791501993279375369,37.473
05_sum_mod,php,7,1791501993279376050,1791501993316865140,37.489
05_sum_mod,php,8,1791501993316865771,1791501993354372774,37.507
05_sum_mod,php,9,1791501993354373425,1791501993392314932,37.942
05_sum_mod,php,10,1791501993392322876,1791501993430217616,37.895
05_sum_mod,python,1,1791501993974158727,1791501994541590943,567.432
05_sum_mod,python,2,1791501994541592255,1791501995123849693,582.257
05_sum_mod,python,3,1791501995123850324,1791501995669788986,545.939
05_sum_mod,python,4,1791501995669789627,1791501996215620105,545.830
05_sum_mod,python,5,1791501996215620947,1791501996769425333,553.804
05_sum_mod,python,6,1791501996769428248,1791501997354181128,584.753
05_sum_mod,python,7,1791501997354181760,1791501997900211922,546.030
05_sum_mod,python,8,1791501997900212594,1791501998433645939,533.433
05_sum_mod,python,9,1791501998433646610,1791501998983748395,550.102
05_sum_mod,python,10,1791501998983751972,1791501999585596716,601.845
06_gcd_sum,c,1,1791502004240139200,1791502004257191023,17.052
06_gcd_sum,c,2,1791502004257192205,1791502004274220805,17.029
06_gcd_sum,c,3,1791502004274221255,1791502004291250587,17.029
06_gcd_sum,c,4,1791502004291251198,1791502004308583746,17.333
06_gcd_sum,c,5,1791502004308584258,1791502004325605343,17.021
06_gcd_sum,c,6,1791502004325606856,1791502004342671654,17.065
06_gcd_sum,c,7,1791502004342672114,1791502004359663895,16.992
06_gcd_sum,c,8,1791502004359664356,1791502004376761183,17.097
06_gcd_sum,c,9,1791502004376761844,1791502004394082762,17.321
06_gcd_sum,c,10,1791502004394084565,1791502004411306126,17.222
06_gcd_sum,cpp,1,1791502004429892865,1791502004448157320,18.264
06_gcd_sum,cpp,2,1791502004448157911,1791502004466330974,18.173
06_gcd_sum,cpp,3,1791502004466331375,1791502004484346874,18.015
06_gcd_sum,cpp,4,1791502004484347234,1791502004502460636,18.113
06_gcd_sum,cpp,5,1791502004502461077,1791502004520520087,18.059
06_gcd_sum,cpp,6,1791502004520521128,1791502004538616306,18.095
06_gcd_sum,cpp,7,1791502004538616697,1791502004556660248,18.044
06_gcd_sum,cpp,8,1791502004556660639,1791502004574675005,18.014
06_gcd_sum,cpp,9,1791502004574675396,1791502004592795189,18.120
06_gcd_sum,cpp,10,1791502004592796472,1791502004610818112,18.022
06_gcd_sum,rust,1,1791502004627120879,1791502004643223214,16.102
06_gcd_sum,rust,2,1791502004643223885,1791502004659342009,16.118
06_gcd_sum,rust,3,1791502004659342400,1791502004675415079,16.073
06_gcd_sum,rust,4,1791502004675415459,1791502004691574390,16.159
06_gcd_sum,rust,5,1791502004691574780,1791502004707614307,16.040
06_gcd_sum,rust,6,1791502004707615870,1791502004723635881,16.020
06_gcd_sum,rust,7,1791502004723636251,1791502004739662393,16.026
06_gcd_sum,rust,8,1791502004739662754,1791502004755711257,16.049
06_gcd_sum,rust,9,1791502004755711608,1791502004771707733,15.996
06_gcd_sum,rust,10,1791502004771709236,1791502004787766236,16.057
06_gcd_sum,go,1,1791502004806206109,1791502004824242627,18.037
06_gcd_sum,go,2,1791502004824243168,1791502004842345589,18.102
06_gcd_sum,go,3,1791502004842346010,1791502004860326525,17.981
06_gcd_sum,go,4,1791502004860326936,1791502004878453660,18.127
06_gcd_sum,go,5,1791502004878454071,1791502004896418003,17.964
06_gcd_sum,go,6,1791502004896419035,1791502004914579926,18.161
06_gcd_sum,go,7,1791502004914580327,1791502004932378348,17.798
06_gcd_sum,go,8,1791502004932378949,1791502004950367409,17.988
06_gcd_sum,go,9,1791502004950367819,1791502004968388989,18.021
06_gcd_sum,go,10,1791502004968391493,1791502004986882192,18.491
06_gcd_sum,salam_llvm,1,1791502005003117355,1791502005019050062,15.933
06_gcd_sum,salam_llvm,2,1791502005019050673,1791502005034947923,15.897
06_gcd_sum,salam_llvm,3,1791502005034948334,1791502005050919856,15.972
06_gcd_sum,salam_llvm,4,1791502005050920607,1791502005066933103,16.012
06_gcd_sum,salam_llvm,5,1791502005066933484,1791502005082929349,15.996
06_gcd_sum,salam_llvm,6,1791502005082930241,1791502005098824435,15.894
06_gcd_sum,salam_llvm,7,1791502005098825116,1791502005114711436,15.886
06_gcd_sum,salam_llvm,8,1791502005114711817,1791502005130643332,15.932
06_gcd_sum,salam_llvm,9,1791502005130643732,1791502005146550460,15.907
06_gcd_sum,salam_llvm,10,1791502005146551763,1791502005162450556,15.899
06_gcd_sum,salam_gcc,1,1791502005179733161,1791502005196905320,17.172
06_gcd_sum,salam_gcc,2,1791502005196906713,1791502005214221448,17.315
06_gcd_sum,salam_gcc,3,1791502005214222109,1791502005231307876,17.086
06_gcd_sum,salam_gcc,4,1791502005231308628,1791502005248370700,17.062
06_gcd_sum,salam_gcc,5,1791502005248371311,1791502005265418756,17.047
06_gcd_sum,salam_gcc,6,1791502005265423866,1791502005282572280,17.148
06_gcd_sum,salam_gcc,7,1791502005282573061,1791502005299873530,17.300
06_gcd_sum,salam_gcc,8,1791502005299874252,1791502005317051430,17.177
06_gcd_sum,salam_gcc,9,1791502005317052291,1791502005334283150,17.231
06_gcd_sum,salam_gcc,10,1791502005334285154,1791502005351513768,17.229
06_gcd_sum,salam_tcc,1,1791502005367878704,1791502005384081386,16.203
06_gcd_sum,salam_tcc,2,1791502005384081938,1791502005400278529,16.197
06_gcd_sum,salam_tcc,3,1791502005400278879,1791502005416517990,16.239
06_gcd_sum,salam_tcc,4,1791502005416518351,1791502005433120121,16.602
06_gcd_sum,salam_tcc,5,1791502005433120451,1791502005450800642,17.680
06_gcd_sum,salam_tcc,6,1791502005450801744,1791502005466999797,16.198
06_gcd_sum,salam_tcc,7,1791502005467000148,1791502005483210996,16.211
06_gcd_sum,salam_tcc,8,1791502005483211337,1791502005499330873,16.120
06_gcd_sum,salam_tcc,9,1791502005499331234,1791502005515448576,16.117
06_gcd_sum,salam_tcc,10,1791502005515449979,1791502005531574355,16.124
06_gcd_sum,php,1,1791502005594132030,1791502005654828382,60.696
06_gcd_sum,php,2,1791502005654830135,1791502005715925004,61.095
06_gcd_sum,php,3,1791502005715925795,1791502005778396241,62.470
06_gcd_sum,php,4,1791502005778396882,1791502005841674410,63.278
06_gcd_sum,php,5,1791502005841675372,1791502005904054667,62.379
06_gcd_sum,php,6,1791502005904056891,1791502005966431738,62.375
06_gcd_sum,php,7,1791502005966432379,1791502006029323833,62.891
06_gcd_sum,php,8,1791502006029324475,1791502006091871594,62.547
06_gcd_sum,php,9,1791502006091872225,1791502006154795920,62.924
06_gcd_sum,php,10,1791502006154798826,1791502006216449646,61.651
06_gcd_sum,python,1,1791502006398643800,1791502006574612432,175.969
06_gcd_sum,python,2,1791502006574613404,1791502006751081161,176.468
06_gcd_sum,python,3,1791502006751081792,1791502006935962679,184.881
06_gcd_sum,python,4,1791502006935963300,1791502007110451198,174.488
06_gcd_sum,python,5,1791502007110451830,1791502007289071077,178.619
06_gcd_sum,python,6,1791502007289073211,1791502007465985681,176.912
06_gcd_sum,python,7,1791502007465986392,1791502007641449720,175.463
06_gcd_sum,python,8,1791502007641450381,1791502007816620628,175.170
06_gcd_sum,python,9,1791502007816621289,1791502007992698895,176.078
06_gcd_sum,python,10,1791502007992701430,1791502008167711927,175.010
07_pow_mod,c,1,1791502012734435879,1791502012737837121,3.401
07_pow_mod,c,2,1791502012737838243,1791502012741308744,3.471
07_pow_mod,c,3,1791502012741309355,1791502012744666715,3.357
07_pow_mod,c,4,1791502012744667436,1791502012748164397,3.497
07_pow_mod,c,5,1791502012748164878,1791502012751647201,3.482
07_pow_mod,c,6,1791502012751649045,1791502012754966910,3.318
07_pow_mod,c,7,1791502012754967341,1791502012758277733,3.310
07_pow_mod,c,8,1791502012758278153,1791502012761665689,3.388
07_pow_mod,c,9,1791502012761666250,1791502012764981471,3.315
07_pow_mod,c,10,1791502012764984767,1791502012768354900,3.370
07_pow_mod,cpp,1,1791502012773277477,1791502012778056118,4.779
07_pow_mod,cpp,2,1791502012778057010,1791502012782780339,4.723
07_pow_mod,cpp,3,1791502012782780970,1791502012787463061,4.682
07_pow_mod,cpp,4,1791502012787463662,1791502012792241111,4.777
07_pow_mod,cpp,5,1791502012792241973,1791502012797255114,5.013
07_pow_mod,cpp,6,1791502012797257849,1791502012801962172,4.704
07_pow_mod,cpp,7,1791502012801962873,1791502012806569342,4.606
07_pow_mod,cpp,8,1791502012806569933,1791502012811139604,4.570
07_pow_mod,cpp,9,1791502012811140225,1791502012815851190,4.711
07_pow_mod,cpp,10,1791502012815854747,1791502012820507793,4.653
07_pow_mod,rust,1,1791502012824632224,1791502012828450287,3.818
07_pow_mod,rust,2,1791502012828451078,1791502012832280211,3.829
07_pow_mod,rust,3,1791502012832280872,1791502012836020478,3.740
07_pow_mod,rust,4,1791502012836020999,1791502012839792784,3.772
07_pow_mod,rust,5,1791502012839793456,1791502012843661382,3.868
07_pow_mod,rust,6,1791502012843663045,1791502012847485505,3.822
07_pow_mod,rust,7,1791502012847486046,1791502012851323685,3.838
07_pow_mod,rust,8,1791502012851324276,1791502012855115098,3.791
07_pow_mod,rust,9,1791502012855115709,1791502012858884679,3.769
07_pow_mod,rust,10,1791502012858888026,1791502012862615298,3.727
07_pow_mod,go,1,1791502012868088513,1791502012873335432,5.247
07_pow_mod,go,2,1791502012873336504,1791502012878678341,5.342
07_pow_mod,go,3,1791502012878679463,1791502012884130034,5.451
07_pow_mod,go,4,1791502012884131096,1791502012889265063,5.134
07_pow_mod,go,5,1791502012889265915,1791502012894665758,5.400
07_pow_mod,go,6,1791502012894667572,1791502012899864279,5.197
07_pow_mod,go,7,1791502012899865551,1791502012905132117,5.267
07_pow_mod,go,8,1791502012905132798,1791502012910694294,5.561
07_pow_mod,go,9,1791502012910695126,1791502012916027144,5.332
07_pow_mod,go,10,1791502012916030741,1791502012921093187,5.062
07_pow_mod,salam_llvm,1,1791502012924720913,1791502012928152181,3.431
07_pow_mod,salam_llvm,2,1791502012928152982,1791502012931593377,3.440
07_pow_mod,salam_llvm,3,1791502012931593798,1791502012934932011,3.338
07_pow_mod,salam_llvm,4,1791502012934932672,1791502012938330037,3.397
07_pow_mod,salam_llvm,5,1791502012938330708,1791502012941811178,3.480
07_pow_mod,salam_llvm,6,1791502012941813392,1791502012945261451,3.448
07_pow_mod,salam_llvm,7,1791502012945261972,1791502012948694462,3.432
07_pow_mod,salam_llvm,8,1791502012948694973,1791502012952110492,3.416
07_pow_mod,salam_llvm,9,1791502012952111203,1791502012955615362,3.504
07_pow_mod,salam_llvm,10,1791502012955618699,1791502012959056048,3.437
07_pow_mod,salam_gcc,1,1791502012962675413,1791502012966102713,3.427
07_pow_mod,salam_gcc,2,1791502012966103495,1791502012969458930,3.355
07_pow_mod,salam_gcc,3,1791502012969459411,1791502012972866083,3.407
07_pow_mod,salam_gcc,4,1791502012972866634,1791502012976291680,3.425
07_pow_mod,salam_gcc,5,1791502012976292191,1791502012979743622,3.451
07_pow_mod,salam_gcc,6,1791502012979745125,1791502012983072919,3.328
07_pow_mod,salam_gcc,7,1791502012983073310,1791502012986333196,3.260
07_pow_mod,salam_gcc,8,1791502012986333577,1791502012989619803,3.286
07_pow_mod,salam_gcc,9,1791502012989620214,1791502012992861676,3.241
07_pow_mod,salam_gcc,10,1791502012992864201,1791502012996135769,3.272
07_pow_mod,salam_tcc,1,1791502012999679934,1791502013003058232,3.378
07_pow_mod,salam_tcc,2,1791502013003058883,1791502013006350189,3.291
07_pow_mod,salam_tcc,3,1791502013006350570,1791502013009699413,3.349
07_pow_mod,salam_tcc,4,1791502013009699774,1791502013012964019,3.264
07_pow_mod,salam_tcc,5,1791502013012964369,1791502013016555757,3.591
07_pow_mod,salam_tcc,6,1791502013016557490,1791502013019986534,3.429
07_pow_mod,salam_tcc,7,1791502013019987075,1791502013023278360,3.291
07_pow_mod,salam_tcc,8,1791502013023279042,1791502013026648684,3.370
07_pow_mod,salam_tcc,9,1791502013026649065,1791502013029998539,3.349
07_pow_mod,salam_tcc,10,1791502013030001224,1791502013033375816,3.375
07_pow_mod,php,1,1791502013061517699,1791502013090135529,28.618
07_pow_mod,php,2,1791502013090136721,1791502013118247261,28.111
07_pow_mod,php,3,1791502013118247892,1791502013146325780,28.078
07_pow_mod,php,4,1791502013146326421,1791502013174412956,28.087
07_pow_mod,php,5,1791502013174413808,1791502013202408961,27.995
07_pow_mod,php,6,1791502013202411185,1791502013230471240,28.060
07_pow_mod,php,7,1791502013230471871,1791502013258560249,28.088
07_pow_mod,php,8,1791502013258560890,1791502013286411222,27.850
07_pow_mod,php,9,1791502013286411843,1791502013314180893,27.769
07_pow_mod,php,10,1791502013314184650,1791502013342055080,27.870
07_pow_mod,python,1,1791502013423357594,1791502013506726118,83.369
07_pow_mod,python,2,1791502013506727410,1791502013588113361,81.386
07_pow_mod,python,3,1791502013588114092,1791502013669458354,81.344
07_pow_mod,python,4,1791502013669459166,1791502013751310558,81.851
07_pow_mod,python,5,1791502013751311289,1791502013832503436,81.192
07_pow_mod,python,6,1791502013832510930,1791502013914710204,82.199
07_pow_mod,python,7,1791502013914710966,1791502013996468682,81.758
07_pow_mod,python,8,1791502013996469313,1791502014082983300,86.514
07_pow_mod,python,9,1791502014082984041,1791502014166103540,83.119
07_pow_mod,python,10,1791502014166107036,1791502014247579540,81.473
08_digit_sum,c,1,1791502019277946508,1791502019282783470,4.837
08_digit_sum,c,2,1791502019282784682,1791502019287637653,4.853
08_digit_sum,c,3,1791502019287638244,1791502019292280550,4.642
08_digit_sum,c,4,1791502019292281071,1791502019296960838,4.680
08_digit_sum,c,5,1791502019296961379,1791502019301678726,4.717
08_digit_sum,c,6,1791502019301680911,1791502019306272151,4.591
08_digit_sum,c,7,1791502019306272672,1791502019310863963,4.591
08_digit_sum,c,8,1791502019310864534,1791502019315469651,4.605
08_digit_sum,c,9,1791502019315470242,1791502019320231431,4.761
08_digit_sum,c,10,1791502019320234187,1791502019324908102,4.674
08_digit_sum,cpp,1,1791502019331269269,1791502019337635345,6.366
08_digit_sum,cpp,2,1791502019337637579,1791502019343859654,6.222
08_digit_sum,cpp,3,1791502019343860456,1791502019349785546,5.925
08_digit_sum,cpp,4,1791502019349786197,1791502019355832373,6.046
08_digit_sum,cpp,5,1791502019355833085,1791502019361876155,6.043
08_digit_sum,cpp,6,1791502019361878319,1791502019367945265,6.067
08_digit_sum,cpp,7,1791502019367946347,1791502019373891825,5.945
08_digit_sum,cpp,8,1791502019373892716,1791502019379915449,6.023
08_digit_sum,cpp,9,1791502019379916080,1791502019386108110,6.192
08_digit_sum,cpp,10,1791502019386112447,1791502019392398714,6.286
08_digit_sum,rust,1,1791502019397780886,1791502019402811721,5.031
08_digit_sum,rust,2,1791502019402813765,1791502019407870187,5.056
08_digit_sum,rust,3,1791502019407870868,1791502019412971113,5.100
08_digit_sum,rust,4,1791502019412971984,1791502019418004291,5.032
08_digit_sum,rust,5,1791502019418004942,1791502019423107531,5.103
08_digit_sum,rust,6,1791502019423109625,1791502019428228414,5.119
08_digit_sum,rust,7,1791502019428229306,1791502019433347284,5.118
08_digit_sum,rust,8,1791502019433348205,1791502019438725549,5.377
08_digit_sum,rust,9,1791502019438726230,1791502019443897818,5.172
08_digit_sum,rust,10,1791502019443901054,1791502019448933281,5.032
08_digit_sum,go,1,1791502019456056114,1791502019462588371,6.532
08_digit_sum,go,2,1791502019462589714,1791502019468953453,6.364
08_digit_sum,go,3,1791502019468954425,1791502019475428533,6.474
08_digit_sum,go,4,1791502019475429434,1791502019482145977,6.717
08_digit_sum,go,5,1791502019482146838,1791502019489005717,6.859
08_digit_sum,go,6,1791502019489007741,1791502019495240186,6.232
08_digit_sum,go,7,1791502019495241038,1791502019501868535,6.627
08_digit_sum,go,8,1791502019501869457,1791502019508202849,6.333
08_digit_sum,go,9,1791502019508203701,1791502019514595234,6.392
08_digit_sum,go,10,1791502019514599653,1791502019521233129,6.633
08_digit_sum,salam_llvm,1,1791502019526769911,1791502019531751794,4.982
08_digit_sum,salam_llvm,2,1791502019531752886,1791502019536684825,4.932
08_digit_sum,salam_llvm,3,1791502019536685406,1791502019541593491,4.908
08_digit_sum,salam_llvm,4,1791502019541594142,1791502019546455068,4.861
08_digit_sum,salam_llvm,5,1791502019546455789,1791502019551400803,4.945
08_digit_sum,salam_llvm,6,1791502019551404039,1791502019556358590,4.955
08_digit_sum,salam_llvm,7,1791502019556359422,1791502019561314845,4.955
08_digit_sum,salam_llvm,8,1791502019561315566,1791502019566393329,5.078
08_digit_sum,salam_llvm,9,1791502019566394230,1791502019571409165,5.015
08_digit_sum,salam_llvm,10,1791502019571412782,1791502019576442033,5.029
08_digit_sum,salam_gcc,1,1791502019581753420,1791502019586692503,4.939
08_digit_sum,salam_gcc,2,1791502019586694246,1791502019591460524,4.766
08_digit_sum,salam_gcc,3,1791502019591461186,1791502019596334996,4.874
08_digit_sum,salam_gcc,4,1791502019596335727,1791502019601158763,4.823
08_digit_sum,salam_gcc,5,1791502019601159393,1791502019605834051,4.675
08_digit_sum,salam_gcc,6,1791502019605836255,1791502019610575182,4.739
08_digit_sum,salam_gcc,7,1791502019610575894,1791502019615341521,4.766
08_digit_sum,salam_gcc,8,1791502019615342122,1791502019620051675,4.710
08_digit_sum,salam_gcc,9,1791502019620052326,1791502019624803306,4.751
08_digit_sum,salam_gcc,10,1791502019624806643,1791502019629460110,4.653
08_digit_sum,salam_tcc,1,1791502019634664582,1791502019639534205,4.870
08_digit_sum,salam_tcc,2,1791502019639535277,1791502019644434014,4.899
08_digit_sum,salam_tcc,3,1791502019644435106,1791502019649315869,4.881
08_digit_sum,salam_tcc,4,1791502019649316520,1791502019654252717,4.936
08_digit_sum,salam_tcc,5,1791502019654253609,1791502019659161002,4.907
08_digit_sum,salam_tcc,6,1791502019659163096,1791502019664062344,4.899
08_digit_sum,salam_tcc,7,1791502019664063195,1791502019668818454,4.755
08_digit_sum,salam_tcc,8,1791502019668819004,1791502019673614518,4.796
08_digit_sum,salam_tcc,9,1791502019673615390,1791502019678359487,4.744
08_digit_sum,salam_tcc,10,1791502019678363204,1791502019683197330,4.834
08_digit_sum,php,1,1791502019765941393,1791502019849063958,83.123
08_digit_sum,php,2,1791502019849065090,1791502019932687281,83.622
08_digit_sum,php,3,1791502019932687942,1791502020016394581,83.707
08_digit_sum,php,4,1791502020016395253,1791502020100097644,83.702
08_digit_sum,php,5,1791502020100098325,1791502020183073634,82.975
08_digit_sum,php,6,1791502020183075968,1791502020266166794,83.091
08_digit_sum,php,7,1791502020266167525,1791502020348851018,82.683
08_digit_sum,php,8,1791502020348851649,1791502020431662721,82.811
08_digit_sum,php,9,1791502020431663402,1791502020514801777,83.138
08_digit_sum,php,10,1791502020514806045,1791502020597629830,82.824
08_digit_sum,python,1,1791502021073646350,1791502021578408891,504.763
08_digit_sum,python,2,1791502021578410003,1791502022040232694,461.823
08_digit_sum,python,3,1791502022040233435,1791502022506454512,466.221
08_digit_sum,python,4,1791502022506455214,1791502022988177601,481.722
08_digit_sum,python,5,1791502022988178483,1791502023444106959,455.928
08_digit_sum,python,6,1791502023444109664,1791502023923445782,479.336
08_digit_sum,python,7,1791502023923446663,1791502024379153174,455.707
08_digit_sum,python,8,1791502024379153826,1791502024852104250,472.950
08_digit_sum,python,9,1791502024852105172,1791502025333990234,481.885
08_digit_sum,python,10,1791502025333993891,1791502025794947642,460.954
09_perfect_numbers,c,1,1791502030789310127,1791502030800057468,10.747
09_perfect_numbers,c,2,1791502030800058640,1791502030810641336,10.583
09_perfect_numbers,c,3,1791502030810641907,1791502030821015038,10.373
09_perfect_numbers,c,4,1791502030821015499,1791502030831516749,10.501
09_perfect_numbers,c,5,1791502030831517401,1791502030842128157,10.611
09_perfect_numbers,c,6,1791502030842134759,1791502030852765001,10.630
09_perfect_numbers,c,7,1791502030852766013,1791502030863312849,10.547
09_perfect_numbers,c,8,1791502030863313330,1791502030873715815,10.402
09_perfect_numbers,c,9,1791502030873716417,1791502030884121768,10.405
09_perfect_numbers,c,10,1791502030884123721,1791502030894604964,10.481
09_perfect_numbers,cpp,1,1791502030906853706,1791502030918634453,11.781
09_perfect_numbers,cpp,2,1791502030918635445,1791502030930310956,11.676
09_perfect_numbers,cpp,3,1791502030930311717,1791502030941783656,11.472
09_perfect_numbers,cpp,4,1791502030941784127,1791502030953069736,11.286
09_perfect_numbers,cpp,5,1791502030953070217,1791502030964379301,11.309
09_perfect_numbers,cpp,6,1791502030964381425,1791502030975932001,11.551
09_perfect_numbers,cpp,7,1791502030975932573,1791502030987373473,11.441
09_perfect_numbers,cpp,8,1791502030987374065,1791502030998720047,11.346
09_perfect_numbers,cpp,9,1791502030998720688,1791502031010142323,11.422
09_perfect_numbers,cpp,10,1791502031010144998,1791502031021980959,11.836
09_perfect_numbers,rust,1,1791502031031337783,1791502031040592479,9.255
09_perfect_numbers,rust,2,1791502031040593781,1791502031049707443,9.114
09_perfect_numbers,rust,3,1791502031049707964,1791502031058855689,9.148
09_perfect_numbers,rust,4,1791502031058856120,1791502031067974761,9.119
09_perfect_numbers,rust,5,1791502031067975322,1791502031077089384,9.114
09_perfect_numbers,rust,6,1791502031077090977,1791502031086118667,9.028
09_perfect_numbers,rust,7,1791502031086119098,1791502031095145646,9.027
09_perfect_numbers,rust,8,1791502031095146257,1791502031104388911,9.243
09_perfect_numbers,rust,9,1791502031104389552,1791502031113593833,9.204
09_perfect_numbers,rust,10,1791502031113596347,1791502031122592078,8.996
09_perfect_numbers,go,1,1791502031134649030,1791502031146462529,11.813
09_perfect_numbers,go,2,1791502031146463641,1791502031158215597,11.752
09_perfect_numbers,go,3,1791502031158216408,1791502031170208331,11.992
09_perfect_numbers,go,4,1791502031170209103,1791502031182426867,12.218
09_perfect_numbers,go,5,1791502031182427708,1791502031194464788,12.037
09_perfect_numbers,go,6,1791502031194466231,1791502031206201052,11.735
09_perfect_numbers,go,7,1791502031206201663,1791502031218071134,11.869
09_perfect_numbers,go,8,1791502031218071635,1791502031229708215,11.637
09_perfect_numbers,go,9,1791502031229708696,1791502031241403102,11.694
09_perfect_numbers,go,10,1791502031241404514,1791502031252974595,11.570
09_perfect_numbers,salam_llvm,1,1791502031261889714,1791502031270804102,8.914
09_perfect_numbers,salam_llvm,2,1791502031270804914,1791502031279770869,8.966
09_perfect_numbers,salam_llvm,3,1791502031279771239,1791502031288611398,8.840
09_perfect_numbers,salam_llvm,4,1791502031288611759,1791502031297351430,8.740
09_perfect_numbers,salam_llvm,5,1791502031297351801,1791502031306272213,8.920
09_perfect_numbers,salam_llvm,6,1791502031306273324,1791502031315150343,8.877
09_perfect_numbers,salam_llvm,7,1791502031315151285,1791502031324308327,9.157
09_perfect_numbers,salam_llvm,8,1791502031324308808,1791502031333269583,8.961
09_perfect_numbers,salam_llvm,9,1791502031333270034,1791502031342236820,8.967
09_perfect_numbers,salam_llvm,10,1791502031342239105,1791502031351192784,8.954
09_perfect_numbers,salam_gcc,1,1791502031361869949,1791502031372547908,10.678
09_perfect_numbers,salam_gcc,2,1791502031372548419,1791502031383130621,10.582
09_perfect_numbers,salam_gcc,3,1791502031383131232,1791502031393779208,10.648
09_perfect_numbers,salam_gcc,4,1791502031393779659,1791502031404278054,10.498
09_perfect_numbers,salam_gcc,5,1791502031404278485,1791502031415034468,10.756
09_perfect_numbers,salam_gcc,6,1791502031415035720,1791502031425693755,10.658
09_perfect_numbers,salam_gcc,7,1791502031425694646,1791502031436405409,10.711
09_perfect_numbers,salam_gcc,8,1791502031436405930,1791502031447079614,10.674
09_perfect_numbers,salam_gcc,9,1791502031447080446,1791502031457900273,10.820
09_perfect_numbers,salam_gcc,10,1791502031457902788,1791502031468513764,10.611
09_perfect_numbers,salam_tcc,1,1791502031477822721,1791502031486832408,9.010
09_perfect_numbers,salam_tcc,2,1791502031486833770,1791502031495893190,9.059
09_perfect_numbers,salam_tcc,3,1791502031495893962,1791502031504985121,9.091
09_perfect_numbers,salam_tcc,4,1791502031504985863,1791502031514248823,9.263
09_perfect_numbers,salam_tcc,5,1791502031514249695,1791502031523386731,9.137
09_perfect_numbers,salam_tcc,6,1791502031523388875,1791502031532438135,9.049
09_perfect_numbers,salam_tcc,7,1791502031532438816,1791502031541507854,9.069
09_perfect_numbers,salam_tcc,8,1791502031541508566,1791502031550437361,8.929
09_perfect_numbers,salam_tcc,9,1791502031550438172,1791502031559505708,9.068
09_perfect_numbers,salam_tcc,10,1791502031559508342,1791502031568952032,9.444
09_perfect_numbers,php,1,1791502031615307624,1791502031661009742,45.702
09_perfect_numbers,php,2,1791502031661010764,1791502031707395450,46.385
09_perfect_numbers,php,3,1791502031707396492,1791502031753246647,45.850
09_perfect_numbers,php,4,1791502031753247339,1791502031799324109,46.077
09_perfect_numbers,php,5,1791502031799324780,1791502031845159556,45.835
09_perfect_numbers,php,6,1791502031845161670,1791502031891279156,46.117
09_perfect_numbers,php,7,1791502031891279857,1791502031937073577,45.794
09_perfect_numbers,php,8,1791502031937074268,1791502031982993513,45.919
09_perfect_numbers,php,9,1791502031982994464,1791502032028868705,45.874
09_perfect_numbers,php,10,1791502032028871310,1791502032074859453,45.988
09_perfect_numbers,python,1,1791502032593294491,1791502033088755073,495.461
09_perfect_numbers,python,2,1791502033088756176,1791502033592993498,504.237
09_perfect_numbers,python,3,1791502033592994120,1791502034092199066,499.205
09_perfect_numbers,python,4,1791502034092199747,1791502034587790934,495.591
09_perfect_numbers,python,5,1791502034587791856,1791502035083533946,495.742
09_perfect_numbers,python,6,1791502035083536130,1791502035645873073,562.337
09_perfect_numbers,python,7,1791502035645873715,1791502036146629756,500.756
09_perfect_numbers,python,8,1791502036146630838,1791502036682038458,535.408
09_perfect_numbers,python,9,1791502036682039170,1791502037182023135,499.984
09_perfect_numbers,python,10,1791502037182025390,1791502037691213436,509.188
10_pi_leibniz,c,1,1791502042776895447,1791502042783360507,6.465
10_pi_leibniz,c,2,1791502042783362241,1791502042789815870,6.454
10_pi_leibniz,c,3,1791502042789816321,1791502042796142913,6.327
10_pi_leibniz,c,4,1791502042796143294,1791502042802388803,6.246
10_pi_leibniz,c,5,1791502042802389174,1791502042808661855,6.273
10_pi_leibniz,c,6,1791502042808663067,1791502042814885674,6.223
10_pi_leibniz,c,7,1791502042814886205,1791502042821170227,6.284
10_pi_leibniz,c,8,1791502042821170868,1791502042827424673,6.254
10_pi_leibniz,c,9,1791502042827425024,1791502042833637101,6.212
10_pi_leibniz,c,10,1791502042833638183,1791502042839878022,6.240
10_pi_leibniz,cpp,1,1791502042848050768,1791502042855913827,7.863
10_pi_leibniz,cpp,2,1791502042855914869,1791502042863440387,7.526
10_pi_leibniz,cpp,3,1791502042863441059,1791502042871256660,7.816
10_pi_leibniz,cpp,4,1791502042871257421,1791502042878968576,7.711
10_pi_leibniz,cpp,5,1791502042878969187,1791502042886840663,7.871
10_pi_leibniz,cpp,6,1791502042886842517,1791502042894456790,7.614
10_pi_leibniz,cpp,7,1791502042894457802,1791502042902125196,7.667
10_pi_leibniz,cpp,8,1791502042902125837,1791502042909914588,7.789
10_pi_leibniz,cpp,9,1791502042909915219,1791502042917630171,7.715
10_pi_leibniz,cpp,10,1791502042917632285,1791502042925326078,7.694
10_pi_leibniz,rust,1,1791502042932383329,1791502042939171395,6.788
10_pi_leibniz,rust,2,1791502042939172226,1791502042945888518,6.716
10_pi_leibniz,rust,3,1791502042945889399,1791502042952706540,6.817
10_pi_leibniz,rust,4,1791502042952707222,1791502042959469970,6.763
10_pi_leibniz,rust,5,1791502042959470952,1791502042966205197,6.734
10_pi_leibniz,rust,6,1791502042966206851,1791502042972849394,6.643
10_pi_leibniz,rust,7,1791502042972849815,1791502042979520681,6.671
10_pi_leibniz,rust,8,1791502042979521132,1791502042986123981,6.603
10_pi_leibniz,rust,9,1791502042986124523,1791502042992705871,6.581
10_pi_leibniz,rust,10,1791502042992707895,1791502042999411022,6.703
10_pi_leibniz,go,1,1791502043007464298,1791502043015010375,7.546
10_pi_leibniz,go,2,1791502043015011887,1791502043022383487,7.372
10_pi_leibniz,go,3,1791502043022384038,1791502043029866414,7.482
10_pi_leibniz,go,4,1791502043029866895,1791502043037418091,7.551
10_pi_leibniz,go,5,1791502043037418632,1791502043044759602,7.341
10_pi_leibniz,go,6,1791502043044761846,1791502043052171877,7.410
10_pi_leibniz,go,7,1791502043052172548,1791502043059860603,7.688
10_pi_leibniz,go,8,1791502043059861254,1791502043067415686,7.554
10_pi_leibniz,go,9,1791502043067416297,1791502043075387297,7.971
10_pi_leibniz,go,10,1791502043075389531,1791502043082962117,7.573
10_pi_leibniz,salam_llvm,1,1791502043089691483,1791502043096257924,6.566
10_pi_leibniz,salam_llvm,2,1791502043096258956,1791502043102782076,6.523
10_pi_leibniz,salam_llvm,3,1791502043102782657,1791502043109247467,6.465
10_pi_leibniz,salam_llvm,4,1791502043109248038,1791502043115766419,6.518
10_pi_leibniz,salam_llvm,5,1791502043115767161,1791502043122465919,6.699
10_pi_leibniz,salam_llvm,6,1791502043122473524,1791502043129097493,6.624
10_pi_leibniz,salam_llvm,7,1791502043129098124,1791502043135662130,6.564
10_pi_leibniz,salam_llvm,8,1791502043135662892,1791502043142265120,6.602
10_pi_leibniz,salam_llvm,9,1791502043142265610,1791502043148823706,6.558
10_pi_leibniz,salam_llvm,10,1791502043148825980,1791502043155307672,6.482
10_pi_leibniz,salam_gcc,1,1791502043162120627,1791502043168633628,6.513
10_pi_leibniz,salam_gcc,2,1791502043168634169,1791502043175143353,6.509
10_pi_leibniz,salam_gcc,3,1791502043175143844,1791502043181526881,6.383
10_pi_leibniz,salam_gcc,4,1791502043181527663,1791502043187980000,6.452
10_pi_leibniz,salam_gcc,5,1791502043187980531,1791502043194646919,6.666
10_pi_leibniz,salam_gcc,6,1791502043194648973,1791502043201170991,6.522
10_pi_leibniz,salam_gcc,7,1791502043201171512,1791502043207672190,6.501
10_pi_leibniz,salam_gcc,8,1791502043207672610,1791502043214081566,6.409
10_pi_leibniz,salam_gcc,9,1791502043214082007,1791502043220431091,6.349
10_pi_leibniz,salam_gcc,10,1791502043220433475,1791502043226918634,6.485
10_pi_leibniz,salam_tcc,1,1791502043233469886,1791502043239877600,6.408
10_pi_leibniz,salam_tcc,2,1791502043239878251,1791502043246239448,6.361
10_pi_leibniz,salam_tcc,3,1791502043246239829,1791502043252623658,6.384
10_pi_leibniz,salam_tcc,4,1791502043252624018,1791502043259086915,6.463
10_pi_leibniz,salam_tcc,5,1791502043259087516,1791502043265690596,6.603
10_pi_leibniz,salam_tcc,6,1791502043265692730,1791502043272079915,6.387
10_pi_leibniz,salam_tcc,7,1791502043272080366,1791502043278510501,6.430
10_pi_leibniz,salam_tcc,8,1791502043278510862,1791502043284880795,6.370
10_pi_leibniz,salam_tcc,9,1791502043284881176,1791502043291222265,6.341
10_pi_leibniz,salam_tcc,10,1791502043291224318,1791502043297613868,6.390
10_pi_leibniz,php,1,1791502043360836764,1791502043421974945,61.138
10_pi_leibniz,php,2,1791502043421977439,1791502043504601119,82.624
10_pi_leibniz,php,3,1791502043504601961,1791502043578569415,73.967
10_pi_leibniz,php,4,1791502043578570056,1791502043646632097,68.062
10_pi_leibniz,php,5,1791502043646632728,1791502043717540791,70.908
10_pi_leibniz,php,6,1791502043717543606,1791502043784136054,66.592
10_pi_leibniz,php,7,1791502043784136715,1791502043900207482,116.071
10_pi_leibniz,php,8,1791502043900208143,1791502043964863192,64.655
10_pi_leibniz,php,9,1791502043964863813,1791502044035619420,70.756
10_pi_leibniz,php,10,1791502044035622075,1791502044105919364,70.297
10_pi_leibniz,python,1,1791502044862412852,1791502045604782858,742.370
10_pi_leibniz,python,2,1791502045604783749,1791502046346047135,741.263
10_pi_leibniz,python,3,1791502046346047786,1791502047091219042,745.171
10_pi_leibniz,python,4,1791502047091219673,1791502047838323219,747.104
10_pi_leibniz,python,5,1791502047838323860,1791502048581665952,743.342
10_pi_leibniz,python,6,1791502048581667826,1791502049328447495,746.780
10_pi_leibniz,python,7,1791502049328448126,1791502050115321684,786.874
10_pi_leibniz,python,8,1791502050115322415,1791502050860317040,744.995
10_pi_leibniz,python,9,1791502050860318062,1791502051597971626,737.654
10_pi_leibniz,python,10,1791502051597974861,1791502052336854391,738.880
11_loop_count,c,1,1791502057017506333,1791502057024031797,6.525
11_loop_count,c,2,1791502057024033621,1791502057030732580,6.699
11_loop_count,c,3,1791502057030733632,1791502057037555693,6.822
11_loop_count,c,4,1791502057037557005,1791502057044102357,6.545
11_loop_count,c,5,1791502057044103439,1791502057050568320,6.465
11_loop_count,c,6,1791502057050574712,1791502057057058259,6.484
11_loop_count,c,7,1791502057057059170,1791502057063438722,6.380
11_loop_count,c,8,1791502057063439714,1791502057069687759,6.248
11_loop_count,c,9,1791502057069688480,1791502057076020332,6.332
11_loop_count,c,10,1791502057076022045,1791502057082425521,6.403
11_loop_count,cpp,1,1791502057090667026,1791502057098258477,7.591
11_loop_count,cpp,2,1791502057098260772,1791502057106228108,7.967
11_loop_count,cpp,3,1791502057106229029,1791502057114185746,7.957
11_loop_count,cpp,4,1791502057114186397,1791502057122005295,7.819
11_loop_count,cpp,5,1791502057122005946,1791502057129843769,7.838
11_loop_count,cpp,6,1791502057129846665,1791502057137697803,7.851
11_loop_count,cpp,7,1791502057137698675,1791502057145461137,7.762
11_loop_count,cpp,8,1791502057145461758,1791502057153433943,7.972
11_loop_count,cpp,9,1791502057153434714,1791502057161452685,8.018
11_loop_count,cpp,10,1791502057161455731,1791502057169311287,7.856
11_loop_count,rust,1,1791502057176930586,1791502057184368200,7.438
11_loop_count,rust,2,1791502057184369292,1791502057191512454,7.143
11_loop_count,rust,3,1791502057191513025,1791502057198443459,6.930
11_loop_count,rust,4,1791502057198443980,1791502057205317737,6.874
11_loop_count,rust,5,1791502057205318238,1791502057212238632,6.920
11_loop_count,rust,6,1791502057212239985,1791502057219148067,6.908
11_loop_count,rust,7,1791502057219148748,1791502057226194717,7.046
11_loop_count,rust,8,1791502057226195359,1791502057233263951,7.069
11_loop_count,rust,9,1791502057233264813,1791502057240523100,7.258
11_loop_count,rust,10,1791502057240526867,1791502057247711136,7.184
11_loop_count,go,1,1791502057255659307,1791502057263506144,7.847
11_loop_count,go,2,1791502057263507647,1791502057271089641,7.582
11_loop_count,go,3,1791502057271090272,1791502057278717964,7.628
11_loop_count,go,4,1791502057278719127,1791502057286480427,7.761
11_loop_count,go,5,1791502057286481058,1791502057294016635,7.536
11_loop_count,go,6,1791502057294018238,1791502057301550909,7.533
11_loop_count,go,7,1791502057301551541,1791502057309079052,7.528
11_loop_count,go,8,1791502057309079624,1791502057316617054,7.537
11_loop_count,go,9,1791502057316617826,1791502057323838873,7.221
11_loop_count,go,10,1791502057323841098,1791502057331247573,7.406
11_loop_count,salam_llvm,1,1791502057338271990,1791502057345228171,6.956
11_loop_count,salam_llvm,2,1791502057345229233,1791502057352229260,7.000
11_loop_count,salam_llvm,3,1791502057352229811,1791502057359149033,6.919
11_loop_count,salam_llvm,4,1791502057359149584,1791502057366007221,6.858
11_loop_count,salam_llvm,5,1791502057366007802,1791502057372890356,6.883
11_loop_count,salam_llvm,6,1791502057372892280,1791502057379795582,6.903
11_loop_count,salam_llvm,7,1791502057379796264,1791502057386725835,6.930
11_loop_count,salam_llvm,8,1791502057386726356,1791502057393604672,6.878
11_loop_count,salam_llvm,9,1791502057393605123,1791502057400497876,6.893
11_loop_count,salam_llvm,10,1791502057400504047,1791502057407335325,6.831
11_loop_count,salam_gcc,1,1791502057414037515,1791502057420566397,6.529
11_loop_count,salam_gcc,2,1791502057420567399,1791502057426989129,6.422
11_loop_count,salam_gcc,3,1791502057426989810,1791502057433385171,6.395
11_loop_count,salam_gcc,4,1791502057433385682,1791502057439852136,6.466
11_loop_count,salam_gcc,5,1791502057439852948,1791502057446371760,6.519
11_loop_count,salam_gcc,6,1791502057446373233,1791502057452879191,6.506
11_loop_count,salam_gcc,7,1791502057452879802,1791502057459332671,6.453
11_loop_count,salam_gcc,8,1791502057459333122,1791502057465673310,6.340
11_loop_count,salam_gcc,9,1791502057465674041,1791502057472018607,6.345
11_loop_count,salam_gcc,10,1791502057472021052,1791502057478447761,6.427
11_loop_count,salam_tcc,1,1791502057485456832,1791502057492299811,6.843
11_loop_count,salam_tcc,2,1791502057492300603,1791502057499227229,6.927
11_loop_count,salam_tcc,3,1791502057499227861,1791502057506294459,7.067
11_loop_count,salam_tcc,4,1791502057506295150,1791502057513438873,7.144
11_loop_count,salam_tcc,5,1791502057513439474,1791502057520514980,7.076
11_loop_count,salam_tcc,6,1791502057520518236,1791502057527609691,7.091
11_loop_count,salam_tcc,7,1791502057527610222,1791502057534654779,7.045
11_loop_count,salam_tcc,8,1791502057534655320,1791502057541632201,6.977
11_loop_count,salam_tcc,9,1791502057541632852,1791502057548619871,6.987
11_loop_count,salam_tcc,10,1791502057548622646,1791502057555442994,6.820
11_loop_count,php,1,1791502057573771082,1791502057592055266,18.284
11_loop_count,php,2,1791502057592056217,1791502057610208614,18.152
11_loop_count,php,3,1791502057610209235,1791502057627788308,17.579
11_loop_count,php,4,1791502057627789029,1791502057645055506,17.266
11_loop_count,php,5,1791502057645056037,1791502057662622596,17.567
11_loop_count,php,6,1791502057662624550,1791502057680610264,17.986
11_loop_count,php,7,1791502057680610905,1791502057698682921,18.072
11_loop_count,php,8,1791502057698683813,1791502057716934253,18.250
11_loop_count,php,9,1791502057716935104,1791502057734753205,17.818
11_loop_count,php,10,1791502057734756160,1791502057752790726,18.035
11_loop_count,python,1,1791502057912458113,1791502058073893124,161.435
11_loop_count,python,2,1791502058073894236,1791502058236710264,162.816
11_loop_count,python,3,1791502058236711036,1791502058392688383,155.977
11_loop_count,python,4,1791502058392689184,1791502058556688629,163.999
11_loop_count,python,5,1791502058556689381,1791502058717956177,161.267
11_loop_count,python,6,1791502058717958361,1791502058876502617,158.544
11_loop_count,python,7,1791502058876503508,1791502059059479815,182.976
11_loop_count,python,8,1791502059059480917,1791502059217293913,157.813
11_loop_count,python,9,1791502059217294694,1791502059375373558,158.079
11_loop_count,python,10,1791502059375376774,1791502059530128955,154.752
12_hello_print,c,1,1791502065419341022,1791502065443658145,24.317
12_hello_print,c,2,1791502065443659317,1791502065467548471,23.889
12_hello_print,c,3,1791502065467549283,1791502065492072475,24.523
12_hello_print,c,4,1791502065492073297,1791502065516240642,24.167
12_hello_print,c,5,1791502065516241494,1791502065539886571,23.645
12_hello_print,c,6,1791502065539888705,1791502065563716664,23.828
12_hello_print,c,7,1791502065563717496,1791502065587848814,24.131
12_hello_print,c,8,1791502065587850387,1791502065612099566,24.249
12_hello_print,c,9,1791502065612100407,1791502065636036940,23.937
12_hello_print,c,10,1791502065636039605,1791502065659795460,23.756
12_hello_print,cpp,1,1791502065682753490,1791502065705587607,22.834
12_hello_print,cpp,2,1791502065705588699,1791502065728321217,22.733
12_hello_print,cpp,3,1791502065728321858,1791502065750997178,22.675
12_hello_print,cpp,4,1791502065750998100,1791502065773609831,22.612
12_hello_print,cpp,5,1791502065773610472,1791502065796177500,22.567
12_hello_print,cpp,6,1791502065796179894,1791502065819016707,22.837
12_hello_print,cpp,7,1791502065819017348,1791502065841465924,22.449
12_hello_print,cpp,8,1791502065841466775,1791502065866308193,24.841
12_hello_print,cpp,9,1791502065866309015,1791502065888802645,22.494
12_hello_print,cpp,10,1791502065888804849,1791502065911341259,22.536
12_hello_print,rust,1,1791502065915693793,1791502065919632963,3.939
12_hello_print,rust,2,1791502065919633704,1791502065923602870,3.969
12_hello_print,rust,3,1791502065923603461,1791502065927659971,4.057
12_hello_print,rust,4,1791502065927660762,1791502065931924660,4.264
12_hello_print,rust,5,1791502065931925392,1791502065935948639,4.023
12_hello_print,rust,6,1791502065935950242,1791502065940021038,4.071
12_hello_print,rust,7,1791502065940021549,1791502065943957583,3.936
12_hello_print,rust,8,1791502065943958435,1791502065947942098,3.984
12_hello_print,rust,9,1791502065947942839,1791502065951815584,3.873
12_hello_print,rust,10,1791502065951817939,1791502065955741930,3.924
12_hello_print,go,1,1791502065966472442,1791502065976432061,9.960
12_hello_print,go,2,1791502065976433915,1791502065986230823,9.797
12_hello_print,go,3,1791502065986231575,1791502065996182001,9.950
12_hello_print,go,4,1791502065996182452,1791502066006963639,10.781
12_hello_print,go,5,1791502066006964691,1791502066017210857,10.246
12_hello_print,go,6,1791502066017212850,1791502066027622562,10.410
12_hello_print,go,7,1791502066027623103,1791502066038029083,10.406
12_hello_print,go,8,1791502066038029654,1791502066048582444,10.553
12_hello_print,go,9,1791502066048583115,1791502066059205069,10.622
12_hello_print,go,10,1791502066059207854,1791502066070051299,10.843
12_hello_print,salam_llvm,1,1791502066075325505,1791502066080190459,4.865
12_hello_print,salam_llvm,2,1791502066080190970,1791502066084976425,4.785
12_hello_print,salam_llvm,3,1791502066084976815,1791502066089747293,4.770
12_hello_print,salam_llvm,4,1791502066089747633,1791502066094536054,4.788
12_hello_print,salam_llvm,5,1791502066094536475,1791502066099340515,4.804
12_hello_print,salam_llvm,6,1791502066099342058,1791502066104641025,5.299
12_hello_print,salam_llvm,7,1791502066104641656,1791502066109624952,4.983
12_hello_print,salam_llvm,8,1791502066109625493,1791502066114612315,4.987
12_hello_print,salam_llvm,9,1791502066114612876,1791502066119454246,4.841
12_hello_print,salam_llvm,10,1791502066119456570,1791502066124459999,5.003
12_hello_print,salam_gcc,1,1791502066129785495,1791502066134773199,4.988
12_hello_print,salam_gcc,2,1791502066134774261,1791502066139777905,5.004
12_hello_print,salam_gcc,3,1791502066139778567,1791502066144908126,5.130
12_hello_print,salam_gcc,4,1791502066144908768,1791502066150008892,5.100
12_hello_print,salam_gcc,5,1791502066150009694,1791502066155189658,5.180
12_hello_print,salam_gcc,6,1791502066155195489,1791502066160284873,5.089
12_hello_print,salam_gcc,7,1791502066160285374,1791502066165316370,5.031
12_hello_print,salam_gcc,8,1791502066165316790,1791502066170394252,5.077
12_hello_print,salam_gcc,9,1791502066170394833,1791502066175436418,5.042
12_hello_print,salam_gcc,10,1791502066175439184,1791502066180480418,5.041
12_hello_print,salam_tcc,1,1791502066185748227,1791502066190802265,5.054
12_hello_print,salam_tcc,2,1791502066190803026,1791502066195742019,4.939
12_hello_print,salam_tcc,3,1791502066195742460,1791502066200637871,4.895
12_hello_print,salam_tcc,4,1791502066200638352,1791502066205690056,5.052
12_hello_print,salam_tcc,5,1791502066205690647,1791502066210947806,5.257
12_hello_print,salam_tcc,6,1791502066210949499,1791502066216016562,5.067
12_hello_print,salam_tcc,7,1791502066216017093,1791502066221143584,5.126
12_hello_print,salam_tcc,8,1791502066221143995,1791502066226196851,5.053
12_hello_print,salam_tcc,9,1791502066226197292,1791502066231163206,4.966
12_hello_print,salam_tcc,10,1791502066231165239,1791502066236112057,4.947
12_hello_print,php,1,1791502066691246650,1791502067146522460,455.276
12_hello_print,php,2,1791502067146523883,1791502067601430250,454.906
12_hello_print,php,3,1791502067601430881,1791502068059052967,457.622
12_hello_print,php,4,1791502068059053728,1791502068516334184,457.280
12_hello_print,php,5,1791502068516334845,1791502068980439686,464.105
12_hello_print,php,6,1791502068980447039,1791502069452589728,472.143
12_hello_print,php,7,1791502069452590670,1791502069916402401,463.812
12_hello_print,php,8,1791502069916403322,1791502070410784886,494.382
12_hello_print,php,9,1791502070410785558,1791502070873478049,462.692
12_hello_print,php,10,1791502070873480714,1791502071336531367,463.051
12_hello_print,python,1,1791502071462041217,1791502071587133826,125.093
12_hello_print,python,2,1791502071587134958,1791502071714690255,127.555
12_hello_print,python,3,1791502071714690946,1791502071839130671,124.440
12_hello_print,python,4,1791502071839131313,1791502071963790109,124.659
12_hello_print,python,5,1791502071963790860,1791502072090292268,126.501
12_hello_print,python,6,1791502072090293931,1791502072215057113,124.763
12_hello_print,python,7,1791502072215057764,1791502072339061984,124.004
12_hello_print,python,8,1791502072339062605,1791502072464480693,125.418
12_hello_print,python,9,1791502072464481344,1791502072590474861,125.994
12_hello_print,python,10,1791502072590476924,1791502072715821806,125.345
13_array_rw,c,1,1791502078639781920,1791502078664823351,25.041
13_array_rw,c,2,1791502078664826216,1791502078690878911,26.053
13_array_rw,c,3,1791502078690879873,1791502078716122360,25.242
13_array_rw,c,4,1791502078716122991,1791502078741323560,25.201
13_array_rw,c,5,1791502078741324572,1791502078767193843,25.869
13_array_rw,c,6,1791502078767196308,1791502078793131352,25.935
13_array_rw,c,7,1791502078793132254,1791502078818233737,25.101
13_array_rw,c,8,1791502078818234378,1791502078844081869,25.847
13_array_rw,c,9,1791502078844082620,1791502078869875912,25.793
13_array_rw,c,10,1791502078869878476,1791502078895063045,25.185
13_array_rw,cpp,1,1791502078921959972,1791502078948828675,26.869
13_array_rw,cpp,2,1791502078948829667,1791502078975608112,26.778
13_array_rw,cpp,3,1791502078975608843,1791502079002056718,26.448
13_array_rw,cpp,4,1791502079002057329,1791502079028339775,26.282
13_array_rw,cpp,5,1791502079028340406,1791502079054614365,26.274
13_array_rw,cpp,6,1791502079054615708,1791502079080677360,26.062
13_array_rw,cpp,7,1791502079080678201,1791502079107179737,26.502
13_array_rw,cpp,8,1791502079107180398,1791502079133092710,25.912
13_array_rw,cpp,9,1791502079133093341,1791502079159324110,26.231
13_array_rw,cpp,10,1791502079159326625,1791502079185598420,26.272
13_array_rw,rust,1,1791502079212375602,1791502079238698133,26.323
13_array_rw,rust,2,1791502079238699024,1791502079264583534,25.885
13_array_rw,rust,3,1791502079264584176,1791502079290563593,25.979
13_array_rw,rust,4,1791502079290564465,1791502079316847872,26.283
13_array_rw,rust,5,1791502079316848543,1791502079344151139,27.303
13_array_rw,rust,6,1791502079344153384,1791502079370679285,26.526
13_array_rw,rust,7,1791502079370680077,1791502079397129986,26.450
13_array_rw,rust,8,1791502079397130617,1791502079423365052,26.234
13_array_rw,rust,9,1791502079423365684,1791502079449987520,26.622
13_array_rw,rust,10,1791502079449989634,1791502079476804357,26.815
13_array_rw,go,1,1791502079503879902,1791502079530746878,26.867
13_array_rw,go,2,1791502079530748150,1791502079557431652,26.684
13_array_rw,go,3,1791502079557432543,1791502079583953185,26.521
13_array_rw,go,4,1791502079583954026,1791502079610775437,26.821
13_array_rw,go,5,1791502079610776769,1791502079637615046,26.838
13_array_rw,go,6,1791502079637619394,1791502079664412486,26.793
13_array_rw,go,7,1791502079664413628,1791502079691341778,26.928
13_array_rw,go,8,1791502079691342609,1791502079718318679,26.976
13_array_rw,go,9,1791502079718319591,1791502079745404354,27.085
13_array_rw,go,10,1791502079745407580,1791502079774762742,29.355
13_array_rw,salam_llvm,1,1791502079802098513,1791502079828438917,26.340
13_array_rw,salam_llvm,2,1791502079828440520,1791502079854613319,26.173
13_array_rw,salam_llvm,3,1791502079854614361,1791502079881608019,26.994
13_array_rw,salam_llvm,4,1791502079881609231,1791502079907783304,26.174
13_array_rw,salam_llvm,5,1791502079907784356,1791502079934661255,26.877
13_array_rw,salam_llvm,6,1791502079934663559,1791502079960980679,26.317
13_array_rw,salam_llvm,7,1791502079960981811,1791502079987430037,26.448
13_array_rw,salam_llvm,8,1791502079987431059,1791502080013523960,26.093
13_array_rw,salam_llvm,9,1791502080013525011,1791502080039783672,26.259
13_array_rw,salam_llvm,10,1791502080039786447,1791502080066321546,26.535
13_array_rw,salam_gcc,1,1791502080090263735,1791502080113831455,23.568
13_array_rw,salam_gcc,2,1791502080113832527,1791502080137356625,23.524
13_array_rw,salam_gcc,3,1791502080137357506,1791502080161714655,24.357
13_array_rw,salam_gcc,4,1791502080161716018,1791502080185131813,23.416
13_array_rw,salam_gcc,5,1791502080185132695,1791502080209567870,24.435
13_array_rw,salam_gcc,6,1791502080209571637,1791502080233830902,24.259
13_array_rw,salam_gcc,7,1791502080233831713,1791502080258144249,24.313
13_array_rw,salam_gcc,8,1791502080258145040,1791502080282473174,24.328
13_array_rw,salam_gcc,9,1791502080282474036,1791502080306018572,23.545
13_array_rw,salam_gcc,10,1791502080306021868,1791502080329460496,23.439
13_array_rw,salam_tcc,1,1791502080356008189,1791502080382324507,26.316
13_array_rw,salam_tcc,2,1791502080382325850,1791502080408589209,26.263
13_array_rw,salam_tcc,3,1791502080408590061,1791502080435598256,27.008
13_array_rw,salam_tcc,4,1791502080435599098,1791502080462531440,26.932
13_array_rw,salam_tcc,5,1791502080462532252,1791502080488743824,26.212
13_array_rw,salam_tcc,6,1791502080488746389,1791502080514888141,26.142
13_array_rw,salam_tcc,7,1791502080514888943,1791502080541028000,26.139
13_array_rw,salam_tcc,8,1791502080541028901,1791502080568141201,27.112
13_array_rw,salam_tcc,9,1791502080568142153,1791502080595137622,26.995
13_array_rw,salam_tcc,10,1791502080595140447,1791502080621358261,26.218
13_array_rw,php,1,1791502080712283150,1791502080802828460,90.545
13_array_rw,php,2,1791502080802830003,1791502080892907777,90.078
13_array_rw,php,3,1791502080892908398,1791502080984115959,91.208
13_array_rw,php,4,1791502080984116820,1791502081074332353,90.216
13_array_rw,php,5,1791502081074333024,1791502081164677708,90.345
13_array_rw,php,6,1791502081164679932,1791502081254859277,90.179
13_array_rw,php,7,1791502081254860019,1791502081344347176,89.487
13_array_rw,php,8,1791502081344347818,1791502081434078501,89.731
13_array_rw,php,9,1791502081434079493,1791502081524037704,89.958
13_array_rw,php,10,1791502081524040449,1791502081614475502,90.435
13_array_rw,python,1,1791502082870883202,1791502084120648389,1249.765
13_array_rw,python,2,1791502084120649591,1791502085407163800,1286.514
13_array_rw,python,3,1791502085407164842,1791502086663268443,1256.104
13_array_rw,python,4,1791502086663269105,1791502087952874588,1289.605
13_array_rw,python,5,1791502087952875540,1791502089260667683,1307.792
13_array_rw,python,6,1791502089260670237,1791502090572286624,1311.616
13_array_rw,python,7,1791502090572287616,1791502091917454243,1345.167
13_array_rw,python,8,1791502091917454984,1791502093271288888,1353.834
13_array_rw,python,9,1791502093271289830,1791502094581820129,1310.530
13_array_rw,python,10,1791502094581822413,1791502095881132717,1299.310
14_lcg_random,c,1,1791502102154446804,1791502102175738893,21.292
14_lcg_random,c,2,1791502102175740897,1791502102197243561,21.503
14_lcg_random,c,3,1791502102197244272,1791502102218715848,21.472
14_lcg_random,c,4,1791502102218716850,1791502102239997939,21.281
14_lcg_random,c,5,1791502102239998540,1791502102261223584,21.225
14_lcg_random,c,6,1791502102261225738,1791502102282566664,21.341
14_lcg_random,c,7,1791502102282567395,1791502102303637165,21.070
14_lcg_random,c,8,1791502102303637857,1791502102325411866,21.774
14_lcg_random,c,9,1791502102325412707,1791502102346711466,21.299
14_lcg_random,c,10,1791502102346713831,1791502102367920417,21.207
14_lcg_random,cpp,1,1791502102391028626,1791502102413747294,22.719
14_lcg_random,cpp,2,1791502102413748697,1791502102436368471,22.620
14_lcg_random,cpp,3,1791502102436369322,1791502102459150959,22.782
14_lcg_random,cpp,4,1791502102459151590,1791502102481825625,22.674
14_lcg_random,cpp,5,1791502102481826307,1791502102504346143,22.520
14_lcg_random,cpp,6,1791502102504361953,1791502102526808542,22.447
14_lcg_random,cpp,7,1791502102526809153,1791502102549196371,22.387
14_lcg_random,cpp,8,1791502102549197012,1791502102571619126,22.422
14_lcg_random,cpp,9,1791502102571620368,1791502102594616677,22.996
14_lcg_random,cpp,10,1791502102594619382,1791502102617298827,22.679
14_lcg_random,rust,1,1791502102640890008,1791502102663947252,23.057
14_lcg_random,rust,2,1791502102663948534,1791502102687159575,23.211
14_lcg_random,rust,3,1791502102687160236,1791502102710217009,23.057
14_lcg_random,rust,4,1791502102710217870,1791502102733393795,23.176
14_lcg_random,rust,5,1791502102733394427,1791502102756394453,23.000
14_lcg_random,rust,6,1791502102756397198,1791502102779774560,23.377
14_lcg_random,rust,7,1791502102779775492,1791502102802952630,23.177
14_lcg_random,rust,8,1791502102802953572,1791502102826030843,23.077
14_lcg_random,rust,9,1791502102826031514,1791502102849267492,23.236
14_lcg_random,rust,10,1791502102849270207,1791502102872408862,23.139
14_lcg_random,go,1,1791502102901003990,1791502102929545398,28.541
14_lcg_random,go,2,1791502102929546580,1791502102957833518,28.287
14_lcg_random,go,3,1791502102957834270,1791502102986573659,28.739
14_lcg_random,go,4,1791502102986574471,1791502103015083367,28.509
14_lcg_random,go,5,1791502103015084218,1791502103043392315,28.308
14_lcg_random,go,6,1791502103043394479,1791502103071813917,28.419
14_lcg_random,go,7,1791502103071814779,1791502103100545152,28.730
14_lcg_random,go,8,1791502103100545973,1791502103128760556,28.215
14_lcg_random,go,9,1791502103128761457,1791502103157603948,28.842
14_lcg_random,go,10,1791502103157607825,1791502103185808774,28.201
14_lcg_random,salam_llvm,1,1791502103208961856,1791502103232112585,23.151
14_lcg_random,salam_llvm,2,1791502103232114007,1791502103255288160,23.174
14_lcg_random,salam_llvm,3,1791502103255288941,1791502103278163211,22.874
14_lcg_random,salam_llvm,4,1791502103278164003,1791502103301083698,22.920
14_lcg_random,salam_llvm,5,1791502103301084490,1791502103324253903,23.169
14_lcg_random,salam_llvm,6,1791502103324255827,1791502103347249190,22.993
14_lcg_random,salam_llvm,7,1791502103347250322,1791502103370385221,23.135
14_lcg_random,salam_llvm,8,1791502103370386062,1791502103393371541,22.985
14_lcg_random,salam_llvm,9,1791502103393372423,1791502103416308378,22.936
14_lcg_random,salam_llvm,10,1791502103416311284,1791502103439243092,22.932
14_lcg_random,salam_gcc,1,1791502103461000861,1791502103482338372,21.338
14_lcg_random,salam_gcc,2,1791502103482339865,1791502103503728502,21.389
14_lcg_random,salam_gcc,3,1791502103503729725,1791502103525179026,21.449
14_lcg_random,salam_gcc,4,1791502103525179877,1791502103546518822,21.339
14_lcg_random,salam_gcc,5,1791502103546519663,1791502103567813413,21.294
14_lcg_random,salam_gcc,6,1791502103567815867,1791502103588988510,21.173
14_lcg_random,salam_gcc,7,1791502103588989452,1791502103610209213,21.220
14_lcg_random,salam_gcc,8,1791502103610210074,1791502103631558646,21.349
14_lcg_random,salam_gcc,9,1791502103631559568,1791502103656693692,25.134
14_lcg_random,salam_gcc,10,1791502103656696588,1791502103678084022,21.387
14_lcg_random,salam_tcc,1,1791502103701223981,1791502103724187588,22.964
14_lcg_random,salam_tcc,2,1791502103724188790,1791502103747220326,23.032
14_lcg_random,salam_tcc,3,1791502103747221748,1791502103770300672,23.079
14_lcg_random,salam_tcc,4,1791502103770301704,1791502103793274599,22.973
14_lcg_random,salam_tcc,5,1791502103793275731,1791502103816237405,22.962
14_lcg_random,salam_tcc,6,1791502103816240050,1791502103839239415,22.999
14_lcg_random,salam_tcc,7,1791502103839240517,1791502103862196961,22.956
14_lcg_random,salam_tcc,8,1791502103862197753,1791502103885127507,22.930
14_lcg_random,salam_tcc,9,1791502103885128979,1791502103907982832,22.854
14_lcg_random,salam_tcc,10,1791502103907985917,1791502103931250739,23.265
14_lcg_random,php,1,1791502104016145477,1791502104099818271,83.673
14_lcg_random,php,2,1791502104099820415,1791502104184130088,84.310
14_lcg_random,php,3,1791502104184130739,1791502104267855571,83.725
14_lcg_random,php,4,1791502104267856242,1791502104351477409,83.621
14_lcg_random,php,5,1791502104351478041,1791502104435641454,84.163
14_lcg_random,php,6,1791502104435644199,1791502104519912829,84.269
14_lcg_random,php,7,1791502104519913460,1791502104603881528,83.968
14_lcg_random,php,8,1791502104603882159,1791502104688701982,84.820
14_lcg_random,php,9,1791502104688702893,1791502104773507268,84.804
14_lcg_random,php,10,1791502104773510744,1791502104857438596,83.928
14_lcg_random,python,1,1791502106541428086,1791502108236375424,1694.947
14_lcg_random,python,2,1791502108236376486,1791502109942079697,1705.703
14_lcg_random,python,3,1791502109942080479,1791502111713967442,1771.887
14_lcg_random,python,4,1791502111713968083,1791502113503052795,1789.085
14_lcg_random,python,5,1791502113503053406,1791502115271030401,1767.977
14_lcg_random,python,6,1791502115271032044,1791502116983805522,1712.773
14_lcg_random,python,7,1791502116983806434,1791502118732144646,1748.338
14_lcg_random,python,8,1791502118732145308,1791502120481008404,1748.863
14_lcg_random,python,9,1791502120481009025,1791502122178820480,1697.811
14_lcg_random,python,10,1791502122178823055,1791502123868027764,1689.205
15_matrix_mult,c,1,1791502130298022253,1791502130305856430,7.834
15_matrix_mult,c,2,1791502130305863323,1791502130313811023,7.948
15_matrix_mult,c,3,1791502130313811744,1791502130321707005,7.895
15_matrix_mult,c,4,1791502130321708127,1791502130329693297,7.985
15_matrix_mult,c,5,1791502130329694159,1791502130337754249,8.060
15_matrix_mult,c,6,1791502130337757505,1791502130346112126,8.355
15_matrix_mult,c,7,1791502130346112938,1791502130354097958,7.985
15_matrix_mult,c,8,1791502130354098709,1791502130361993449,7.895
15_matrix_mult,c,9,1791502130361994792,1791502130369947992,7.953
15_matrix_mult,c,10,1791502130369950957,1791502130377932740,7.982
15_matrix_mult,cpp,1,1791502130387673404,1791502130397143676,9.470
15_matrix_mult,cpp,2,1791502130397144517,1791502130406267359,9.123
15_matrix_mult,cpp,3,1791502130406268000,1791502130415460481,9.192
15_matrix_mult,cpp,4,1791502130415461123,1791502130424710751,9.250
15_matrix_mult,cpp,5,1791502130424711422,1791502130433845264,9.134
15_matrix_mult,cpp,6,1791502130433847959,1791502130442957746,9.110
15_matrix_mult,cpp,7,1791502130442958377,1791502130452132424,9.174
15_matrix_mult,cpp,8,1791502130452133085,1791502130461522355,9.389
15_matrix_mult,cpp,9,1791502130461523237,1791502130470551481,9.028
15_matrix_mult,cpp,10,1791502130470553274,1791502130479798063,9.245
15_matrix_mult,rust,1,1791502130487389858,1791502130494627437,7.238
15_matrix_mult,rust,2,1791502130494628249,1791502130501839970,7.212
15_matrix_mult,rust,3,1791502130501840671,1791502130509032625,7.192
15_matrix_mult,rust,4,1791502130509033236,1791502130516306852,7.274
15_matrix_mult,rust,5,1791502130516307544,1791502130523613260,7.306
15_matrix_mult,rust,6,1791502130523614914,1791502130530778895,7.164
15_matrix_mult,rust,7,1791502130530779596,1791502130537998100,7.219
15_matrix_mult,rust,8,1791502130537998650,1791502130545214689,7.216
15_matrix_mult,rust,9,1791502130545215301,1791502130552572584,7.357
15_matrix_mult,rust,10,1791502130552574377,1791502130559929476,7.355
15_matrix_mult,go,1,1791502130572661404,1791502130584450911,11.790
15_matrix_mult,go,2,1791502130584452123,1791502130596863846,12.412
15_matrix_mult,go,3,1791502130596864557,1791502130609004185,12.140
15_matrix_mult,go,4,1791502130609005367,1791502130620645133,11.640
15_matrix_mult,go,5,1791502130620645935,1791502130632648583,12.003
15_matrix_mult,go,6,1791502130632650877,1791502130645105979,12.455
15_matrix_mult,go,7,1791502130645106801,1791502130656966920,11.860
15_matrix_mult,go,8,1791502130656967942,1791502130669585773,12.618
15_matrix_mult,go,9,1791502130669586625,1791502130682032270,12.446
15_matrix_mult,go,10,1791502130682035066,1791502130693771872,11.737
15_matrix_mult,salam_llvm,1,1791502130700971790,1791502130708214759,7.243
15_matrix_mult,salam_llvm,2,1791502130708215511,1791502130715196559,6.981
15_matrix_mult,salam_llvm,3,1791502130715197541,1791502130722285390,7.088
15_matrix_mult,salam_llvm,4,1791502130722286261,1791502130729318295,7.032
15_matrix_mult,salam_llvm,5,1791502130729319317,1791502130736372170,7.053
15_matrix_mult,salam_llvm,6,1791502130736374284,1791502130743299989,6.926
15_matrix_mult,salam_llvm,7,1791502130743300981,1791502130750181471,6.880
15_matrix_mult,salam_llvm,8,1791502130750182012,1791502130757452072,7.270
15_matrix_mult,salam_llvm,9,1791502130757452904,1791502130764323004,6.870
15_matrix_mult,salam_llvm,10,1791502130764324668,1791502130771324050,6.999
15_matrix_mult,salam_gcc,1,1791502130780042053,1791502130788919935,8.878
15_matrix_mult,salam_gcc,2,1791502130788921157,1791502130797406404,8.485
15_matrix_mult,salam_gcc,3,1791502130797407045,1791502130805943197,8.536
15_matrix_mult,salam_gcc,4,1791502130805944069,1791502130814478728,8.535
15_matrix_mult,salam_gcc,5,1791502130814479590,1791502130823053512,8.574
15_matrix_mult,salam_gcc,6,1791502130823056277,1791502130831551453,8.495
15_matrix_mult,salam_gcc,7,1791502130831552174,1791502130839898911,8.347
15_matrix_mult,salam_gcc,8,1791502130839899612,1791502130848390990,8.491
15_matrix_mult,salam_gcc,9,1791502130848391892,1791502130857310951,8.919
15_matrix_mult,salam_gcc,10,1791502130857314227,1791502130865875857,8.562
15_matrix_mult,salam_tcc,1,1791502130873790580,1791502130881418971,7.628
15_matrix_mult,salam_tcc,2,1791502130881420504,1791502130888787005,7.367
15_matrix_mult,salam_tcc,3,1791502130888787646,1791502130896366264,7.579
15_matrix_mult,salam_tcc,4,1791502130896367035,1791502130903907863,7.541
15_matrix_mult,salam_tcc,5,1791502130903908424,1791502130911523069,7.615
15_matrix_mult,salam_tcc,6,1791502130911524783,1791502130919062734,7.538
15_matrix_mult,salam_tcc,7,1791502130919063416,1791502130926778750,7.715
15_matrix_mult,salam_tcc,8,1791502130926779401,1791502130934239938,7.461
15_matrix_mult,salam_tcc,9,1791502130934240729,1791502130941700465,7.460
15_matrix_mult,salam_tcc,10,1791502130941702108,1791502130949088926,7.387
15_matrix_mult,php,1,1791502131193858636,1791502131449675161,255.817
15_matrix_mult,php,2,1791502131449676804,1791502131709817971,260.141
15_matrix_mult,php,3,1791502131709818602,1791502131964974390,255.156
15_matrix_mult,php,4,1791502131964975041,1791502132215519800,250.545
15_matrix_mult,php,5,1791502132215520721,1791502132463174675,247.654
15_matrix_mult,php,6,1791502132463177790,1791502132710331386,247.154
15_matrix_mult,php,7,1791502132710332048,1791502132958885776,248.554
15_matrix_mult,php,8,1791502132958886447,1791502133206675123,247.789
15_matrix_mult,php,9,1791502133206675884,1791502133460808094,254.132
15_matrix_mult,php,10,1791502133460810278,1791502133715804843,254.995
15_matrix_mult,python,1,1791502135206089645,1791502136650058951,1443.969
15_matrix_mult,python,2,1791502136650060865,1791502138123523175,1473.462
15_matrix_mult,python,3,1791502138123524067,1791502139743188892,1619.665
15_matrix_mult,python,4,1791502139743189533,1791502141187405735,1444.216
15_matrix_mult,python,5,1791502141187406467,1791502142683810485,1496.404
15_matrix_mult,python,6,1791502142683813250,1791502144120954266,1437.141
15_matrix_mult,python,7,1791502144120954887,1791502145582807437,1461.853
15_matrix_mult,python,8,1791502145582808158,1791502147098414874,1515.607
15_matrix_mult,python,9,1791502147098415886,1791502148587679441,1489.264
15_matrix_mult,python,10,1791502148587681434,1791502150116747705,1529.066
16_quicksort,c,1,1791502155886972003,1791502155914236512,27.265
16_quicksort,c,2,1791502155914237064,1791502155941195288,26.958
16_quicksort,c,3,1791502155941195709,1791502155967362019,26.166
16_quicksort,c,4,1791502155967362450,1791502155994179740,26.817
16_quicksort,c,5,1791502155994180111,1791502156020948830,26.769
16_quicksort,c,6,1791502156020950163,1791502156047858353,26.908
16_quicksort,c,7,1791502156047858754,1791502156074770822,26.912
16_quicksort,c,8,1791502156074771223,1791502156101697588,26.926
16_quicksort,c,9,1791502156101698109,1791502156128563350,26.865
16_quicksort,c,10,1791502156128565764,1791502156155432127,26.866
16_quicksort,cpp,1,1791502156183609748,1791502156210710520,27.101
16_quicksort,cpp,2,1791502156210711923,1791502156240516746,29.805
16_quicksort,cpp,3,1791502156240517137,1791502156267582582,27.065
16_quicksort,cpp,4,1791502156267582983,1791502156295322994,27.740
16_quicksort,cpp,5,1791502156295323475,1791502156323228495,27.905
16_quicksort,cpp,6,1791502156323230108,1791502156351068984,27.839
16_quicksort,cpp,7,1791502156351069405,1791502156379036873,27.967
16_quicksort,cpp,8,1791502156379037263,1791502156406920693,27.883
16_quicksort,cpp,9,1791502156406921094,1791502156435305603,28.385
16_quicksort,cpp,10,1791502156435307176,1791502156463293609,27.986
16_quicksort,rust,1,1791502156490026531,1791502156515644112,25.618
16_quicksort,rust,2,1791502156515644703,1791502156541854985,26.210
16_quicksort,rust,3,1791502156541855526,1791502156567384331,25.529
16_quicksort,rust,4,1791502156567384711,1791502156593379289,25.995
16_quicksort,rust,5,1791502156593379669,1791502156619925108,26.545
16_quicksort,rust,6,1791502156619926140,1791502156646180234,26.254
16_quicksort,rust,7,1791502156646180625,1791502156672331776,26.151
16_quicksort,rust,8,1791502156672332167,1791502156698423065,26.091
16_quicksort,rust,9,1791502156698423466,1791502156724453760,26.030
16_quicksort,rust,10,1791502156724455263,1791502156750576198,26.121
16_quicksort,go,1,1791502156779366070,1791502156807793738,28.428
16_quicksort,go,2,1791502156807794469,1791502156835685245,27.891
16_quicksort,go,3,1791502156835685736,1791502156863741289,28.056
16_quicksort,go,4,1791502156863741790,1791502156892056378,28.315
16_quicksort,go,5,1791502156892056849,1791502156920343315,28.286
16_quicksort,go,6,1791502156920344617,1791502156948882514,28.538
16_quicksort,go,7,1791502156948883105,1791502156977452812,28.570
16_quicksort,go,8,1791502156977453293,1791502157005841707,28.388
16_quicksort,go,9,1791502157005842108,1791502157034000453,28.158
16_quicksort,go,10,1791502157034002177,1791502157062484081,28.482
16_quicksort,salam_llvm,1,1791502157089229091,1791502157115469149,26.240
16_quicksort,salam_llvm,2,1791502157115469780,1791502157141624007,26.154
16_quicksort,salam_llvm,3,1791502157141624488,1791502157167691532,26.067
16_quicksort,salam_llvm,4,1791502157167692003,1791502157193866447,26.174
16_quicksort,salam_llvm,5,1791502157193867059,1791502157219957847,26.091
16_quicksort,salam_llvm,6,1791502157219958798,1791502157245962934,26.004
16_quicksort,salam_llvm,7,1791502157245963535,1791502157272456367,26.493
16_quicksort,salam_llvm,8,1791502157272456768,1791502157298630872,26.174
16_quicksort,salam_llvm,9,1791502157298631343,1791502157324718725,26.087
16_quicksort,salam_llvm,10,1791502157324720117,1791502157351100699,26.381
16_quicksort,salam_gcc,1,1791502157379665524,1791502157408444583,28.779
16_quicksort,salam_gcc,2,1791502157408445545,1791502157437152259,28.707
16_quicksort,salam_gcc,3,1791502157437153040,1791502157466055331,28.902
16_quicksort,salam_gcc,4,1791502157466056263,1791502157494945879,28.890
16_quicksort,salam_gcc,5,1791502157494946691,1791502157523714629,28.768
16_quicksort,salam_gcc,6,1791502157523716252,1791502157552146387,28.430
16_quicksort,salam_gcc,7,1791502157552146989,1791502157580653366,28.506
16_quicksort,salam_gcc,8,1791502157580653928,1791502157609046783,28.393
16_quicksort,salam_gcc,9,1791502157609047233,1791502157637816818,28.770
16_quicksort,salam_gcc,10,1791502157637818531,1791502157666357480,28.539
16_quicksort,salam_tcc,1,1791502157694154628,1791502157721833374,27.679
16_quicksort,salam_tcc,2,1791502157721834336,1791502157749677159,27.843
16_quicksort,salam_tcc,3,1791502157749677841,1791502157777220341,27.543
16_quicksort,salam_tcc,4,1791502157777220972,1791502157804844304,27.623
16_quicksort,salam_tcc,5,1791502157804845036,1791502157832357630,27.513
16_quicksort,salam_tcc,6,1791502157832359433,1791502157860163124,27.804
16_quicksort,salam_tcc,7,1791502157860163965,1791502157887890891,27.727
16_quicksort,salam_tcc,8,1791502157887891603,1791502157915552656,27.661
16_quicksort,salam_tcc,9,1791502157915553487,1791502157943500977,27.947
16_quicksort,salam_tcc,10,1791502157943503301,1791502157971213637,27.710
16_quicksort,php,1,1791502158164560440,1791502158359058838,194.498
16_quicksort,php,2,1791502158359059730,1791502158551776839,192.717
16_quicksort,php,3,1791502158551777500,1791502158744930105,193.153
16_quicksort,php,4,1791502158744930757,1791502158936757232,191.826
16_quicksort,php,5,1791502158936757923,1791502159128086476,191.329
16_quicksort,php,6,1791502159128088379,1791502159320652521,192.564
16_quicksort,php,7,1791502159320653212,1791502159514068515,193.415
16_quicksort,php,8,1791502159514069938,1791502159710790179,196.720
16_quicksort,php,9,1791502159710790810,1791502159903710685,192.920
16_quicksort,php,10,1791502159903713220,1791502160096829898,193.117
16_quicksort,python,1,1791502160863891065,1791502161656074985,792.184
16_quicksort,python,2,1791502161656076288,1791502162410944266,754.868
16_quicksort,python,3,1791502162410944997,1791502163145079386,734.134
16_quicksort,python,4,1791502163145080338,1791502163945330548,800.250
16_quicksort,python,5,1791502163945331179,1791502164752573595,807.242
16_quicksort,python,6,1791502164752575699,1791502165521383003,768.807
16_quicksort,python,7,1791502165521384065,1791502166272317622,750.934
16_quicksort,python,8,1791502166272318273,1791502167060960770,788.642
16_quicksort,python,9,1791502167060961411,1791502167851080259,790.119
16_quicksort,python,10,1791502167851082774,1791502168668008033,816.925
17_n_queens,c,1,1791502175048110515,1791502175090527432,42.417
17_n_queens,c,2,1791502175090529375,1791502175133031984,42.503
17_n_queens,c,3,1791502175133032956,1791502175175619171,42.586
17_n_queens,c,4,1791502175175620043,1791502175218198935,42.579
17_n_queens,c,5,1791502175218199736,1791502175260676727,42.477
17_n_queens,c,6,1791502175260679622,1791502175303144600,42.465
17_n_queens,c,7,1791502175303145231,1791502175345689588,42.544
17_n_queens,c,8,1791502175345690390,1791502175388362967,42.673
17_n_queens,c,9,1791502175388364310,1791502175431149710,42.785
17_n_queens,c,10,1791502175431151693,1791502175474751162,43.599
17_n_queens,cpp,1,1791502175518472521,1791502175561913202,43.441
17_n_queens,cpp,2,1791502175561914284,1791502175605332192,43.418
17_n_queens,cpp,3,1791502175605333103,1791502175648799853,43.467
17_n_queens,cpp,4,1791502175648800484,1791502175692461349,43.661
17_n_queens,cpp,5,1791502175692462030,1791502175735980016,43.518
17_n_queens,cpp,6,1791502175735982310,1791502175779355374,43.373
17_n_queens,cpp,7,1791502175779355935,1791502175822545474,43.190
17_n_queens,cpp,8,1791502175822546095,1791502175865848537,43.302
17_n_queens,cpp,9,1791502175865849067,1791502175909642431,43.793
17_n_queens,cpp,10,1791502175909644555,1791502175953847648,44.203
17_n_queens,rust,1,1791502175996781787,1791502176039421443,42.640
17_n_queens,rust,2,1791502176039423417,1791502176081938820,42.515
17_n_queens,rust,3,1791502176081939441,1791502176124630183,42.691
17_n_queens,rust,4,1791502176124631084,1791502176167394332,42.763
17_n_queens,rust,5,1791502176167394964,1791502176209951033,42.556
17_n_queens,rust,6,1791502176209953116,1791502176253118921,43.166
17_n_queens,rust,7,1791502176253119502,1791502176295759098,42.640
17_n_queens,rust,8,1791502176295759709,1791502176338541983,42.782
17_n_queens,rust,9,1791502176338542824,1791502176381105285,42.562
17_n_queens,rust,10,1791502176381107479,1791502176423661845,42.554
17_n_queens,go,1,1791502176474484745,1791502176524931528,50.447
17_n_queens,go,2,1791502176524932850,1791502176575451649,50.519
17_n_queens,go,3,1791502176575452300,1791502176625287574,49.835
17_n_queens,go,4,1791502176625288365,1791502176675971538,50.683
17_n_queens,go,5,1791502176675972359,1791502176726459733,50.487
17_n_queens,go,6,1791502176726462158,1791502176776872142,50.410
17_n_queens,go,7,1791502176776872963,1791502176827354652,50.482
17_n_queens,go,8,1791502176827355433,1791502176877453321,50.098
17_n_queens,go,9,1791502176877454242,1791502176927625999,50.172
17_n_queens,go,10,1791502176927628353,1791502176978398013,50.770
17_n_queens,salam_llvm,1,1791502177023698347,1791502177068597137,44.899
17_n_queens,salam_llvm,2,1791502177068597859,1791502177113326810,44.729
17_n_queens,salam_llvm,3,1791502177113327782,1791502177158133467,44.806
17_n_queens,salam_llvm,4,1791502177158134529,1791502177203277287,45.143
17_n_queens,salam_llvm,5,1791502177203277818,1791502177248007190,44.729
17_n_queens,salam_llvm,6,1791502177248009184,1791502177293215131,45.206
17_n_queens,salam_llvm,7,1791502177293215933,1791502177338274097,45.058
17_n_queens,salam_llvm,8,1791502177338274718,1791502177383211250,44.937
17_n_queens,salam_llvm,9,1791502177383211901,1791502177428242008,45.030
17_n_queens,salam_llvm,10,1791502177428244432,1791502177473189279,44.945
17_n_queens,salam_gcc,1,1791502177521871834,1791502177569791991,47.920
17_n_queens,salam_gcc,2,1791502177569793504,1791502177617991302,48.198
17_n_queens,salam_gcc,3,1791502177617991963,1791502177665858138,47.866
17_n_queens,salam_gcc,4,1791502177665858939,1791502177713729202,47.870
17_n_queens,salam_gcc,5,1791502177713729753,1791502177761687630,47.958
17_n_queens,salam_gcc,6,1791502177761689604,1791502177812036168,50.347
17_n_queens,salam_gcc,7,1791502177812037120,1791502177859999325,47.962
17_n_queens,salam_gcc,8,1791502177860000047,1791502177907821377,47.821
17_n_queens,salam_gcc,9,1791502177907822149,1791502177955805937,47.984
17_n_queens,salam_gcc,10,1791502177955808302,1791502178003962568,48.154
17_n_queens,salam_tcc,1,1791502178048567156,1791502178093107662,44.541
17_n_queens,salam_tcc,2,1791502178093108775,1791502178137660262,44.551
17_n_queens,salam_tcc,3,1791502178137660974,1791502178182227049,44.566
17_n_queens,salam_tcc,4,1791502178182228121,1791502178226731758,44.504
17_n_queens,salam_tcc,5,1791502178226732290,1791502178271131411,44.399
17_n_queens,salam_tcc,6,1791502178271139256,1791502178315659354,44.520
17_n_queens,salam_tcc,7,1791502178315660767,1791502178360231781,44.571
17_n_queens,salam_tcc,8,1791502178360232422,1791502178404606597,44.374
17_n_queens,salam_tcc,9,1791502178404607399,1791502178449043319,44.436
17_n_queens,salam_tcc,10,1791502178449044952,1791502178493588675,44.544
17_n_queens,php,1,1791502179068075007,1791502179638828566,570.754
17_n_queens,php,2,1791502179638829688,1791502180217864956,579.035
17_n_queens,php,3,1791502180217865617,1791502180786444601,568.579
17_n_queens,php,4,1791502180786445252,1791502181359971490,573.526
17_n_queens,php,5,1791502181359972222,1791502181926922946,566.951
17_n_queens,php,6,1791502181926925030,1791502182498611466,571.686
17_n_queens,php,7,1791502182498612097,1791502183070852974,572.241
17_n_queens,php,8,1791502183070853596,1791502183644712622,573.859
17_n_queens,php,9,1791502183644713273,1791502184217127115,572.414
17_n_queens,php,10,1791502184217129329,1791502184787754901,570.626
17_n_queens,python,1,1791502185614410198,1791502186438014552,823.604
17_n_queens,python,2,1791502186438015815,1791502187267911508,829.896
17_n_queens,python,3,1791502187267912140,1791502188096786795,828.875
17_n_queens,python,4,1791502188096787437,1791502188934634979,837.848
17_n_queens,python,5,1791502188934635781,1791502189753238709,818.603
17_n_queens,python,6,1791502189753241695,1791502190592354047,839.112
17_n_queens,python,7,1791502190592354728,1791502191416396297,824.042
17_n_queens,python,8,1791502191416396949,1791502192248605695,832.209
17_n_queens,python,9,1791502192248606406,1791502193073781463,825.175
17_n_queens,python,10,1791502193073784128,1791502193894421064,820.637
18_sieve_eratosthenes,c,1,1791502199615297903,1791502199623262293,7.964
18_sieve_eratosthenes,c,2,1791502199623262854,1791502199630368301,7.105
18_sieve_eratosthenes,c,3,1791502199630368792,1791502199637697117,7.328
18_sieve_eratosthenes,c,4,1791502199637697618,1791502199645350563,7.653
18_sieve_eratosthenes,c,5,1791502199645351024,1791502199653035559,7.685
18_sieve_eratosthenes,c,6,1791502199653036571,1791502199659807860,6.771
18_sieve_eratosthenes,c,7,1791502199659808240,1791502199666826975,7.019
18_sieve_eratosthenes,c,8,1791502199666827355,1791502199674443030,7.616
18_sieve_eratosthenes,c,9,1791502199674443391,1791502199682573413,8.130
18_sieve_eratosthenes,c,10,1791502199682574805,1791502199690078780,7.504
18_sieve_eratosthenes,cpp,1,1791502199698546341,1791502199707396365,8.850
18_sieve_eratosthenes,cpp,2,1791502199707397247,1791502199716204360,8.807
18_sieve_eratosthenes,cpp,3,1791502199716204961,1791502199724519719,8.315
18_sieve_eratosthenes,cpp,4,1791502199724520200,1791502199732630003,8.110
18_sieve_eratosthenes,cpp,5,1791502199732630424,1791502199740821781,8.191
18_sieve_eratosthenes,cpp,6,1791502199740822783,1791502199748052302,7.230
18_sieve_eratosthenes,cpp,7,1791502199748052663,1791502199756038834,7.986
18_sieve_eratosthenes,cpp,8,1791502199756039325,1791502199763231755,7.192
18_sieve_eratosthenes,cpp,9,1791502199763232136,1791502199770406131,7.174
18_sieve_eratosthenes,cpp,10,1791502199770407534,1791502199778585346,8.178
18_sieve_eratosthenes,rust,1,1791502199787375016,1791502199794589928,7.215
18_sieve_eratosthenes,rust,2,1791502199794595198,1791502199802864040,8.269
18_sieve_eratosthenes,rust,3,1791502199802864471,1791502199809934191,7.070
18_sieve_eratosthenes,rust,4,1791502199809934672,1791502199816906528,6.972
18_sieve_eratosthenes,rust,5,1791502199816906908,1791502199824325293,7.418
18_sieve_eratosthenes,rust,6,1791502199824328268,1791502199833141012,8.813
18_sieve_eratosthenes,rust,7,1791502199833141693,1791502199840897522,7.756
18_sieve_eratosthenes,rust,8,1791502199840897882,1791502199848582988,7.685
18_sieve_eratosthenes,rust,9,1791502199848583439,1791502199856455436,7.872
18_sieve_eratosthenes,rust,10,1791502199856457560,1791502199864441346,7.984
18_sieve_eratosthenes,go,1,1791502199873138220,1791502199882147994,9.010
18_sieve_eratosthenes,go,2,1791502199882148725,1791502199891301768,9.153
18_sieve_eratosthenes,go,3,1791502199891302159,1791502199900079479,8.777
18_sieve_eratosthenes,go,4,1791502199900079980,1791502199909131241,9.051
18_sieve_eratosthenes,go,5,1791502199909131742,1791502199918273892,9.142
18_sieve_eratosthenes,go,6,1791502199918275115,1791502199927418599,9.143
18_sieve_eratosthenes,go,7,1791502199927419060,1791502199936421501,9.002
18_sieve_eratosthenes,go,8,1791502199936422142,1791502199946190363,9.768
18_sieve_eratosthenes,go,9,1791502199946190814,1791502199955020940,8.830
18_sieve_eratosthenes,go,10,1791502199955022583,1791502199964161399,9.139
18_sieve_eratosthenes,salam_llvm,1,1791502199972449117,1791502199980166363,7.717
18_sieve_eratosthenes,salam_llvm,2,1791502199980166984,1791502199987031929,6.865
18_sieve_eratosthenes,salam_llvm,3,1791502199987032310,1791502199995079926,8.048
18_sieve_eratosthenes,salam_llvm,4,1791502199995080648,1791502200002307332,7.227
18_sieve_eratosthenes,salam_llvm,5,1791502200002308254,1791502200009246126,6.938
18_sieve_eratosthenes,salam_llvm,6,1791502200009247388,1791502200016541439,7.294
18_sieve_eratosthenes,salam_llvm,7,1791502200016541960,1791502200023552950,7.011
18_sieve_eratosthenes,salam_llvm,8,1791502200023553641,1791502200030522792,6.969
18_sieve_eratosthenes,salam_llvm,9,1791502200030523523,1791502200037546765,7.023
18_sieve_eratosthenes,salam_llvm,10,1791502200037548599,1791502200045341527,7.793
18_sieve_eratosthenes,salam_gcc,1,1791502200054738315,1791502200065735031,10.997
18_sieve_eratosthenes,salam_gcc,2,1791502200065735853,1791502200075587027,9.851
18_sieve_eratosthenes,salam_gcc,3,1791502200075587769,1791502200086510566,10.923
18_sieve_eratosthenes,salam_gcc,4,1791502200086511267,1791502200096965705,10.454
18_sieve_eratosthenes,salam_gcc,5,1791502200096966146,1791502200106677928,9.712
18_sieve_eratosthenes,salam_gcc,6,1791502200106678950,1791502200116924996,10.246
18_sieve_eratosthenes,salam_gcc,7,1791502200116925397,1791502200126432996,9.508
18_sieve_eratosthenes,salam_gcc,8,1791502200126433547,1791502200136388596,9.955
18_sieve_eratosthenes,salam_gcc,9,1791502200136389558,1791502200146970493,10.581
18_sieve_eratosthenes,salam_gcc,10,1791502200146972547,1791502200156790890,9.818
18_sieve_eratosthenes,salam_tcc,1,1791502200165316043,1791502200172654017,7.338
18_sieve_eratosthenes,salam_tcc,2,1791502200172654508,1791502200180971210,8.317
18_sieve_eratosthenes,salam_tcc,3,1791502200180971661,1791502200189045486,8.074
18_sieve_eratosthenes,salam_tcc,4,1791502200189045857,1791502200197140732,8.095
18_sieve_eratosthenes,salam_tcc,5,1791502200197141213,1791502200205228725,8.088
18_sieve_eratosthenes,salam_tcc,6,1791502200205229747,1791502200212796575,7.567
18_sieve_eratosthenes,salam_tcc,7,1791502200212796976,1791502200219876704,7.080
18_sieve_eratosthenes,salam_tcc,8,1791502200219877195,1791502200228083470,8.206
18_sieve_eratosthenes,salam_tcc,9,1791502200228084101,1791502200235247246,7.163
18_sieve_eratosthenes,salam_tcc,10,1791502200235248929,1791502200242822996,7.574
18_sieve_eratosthenes,php,1,1791502200369102067,1791502200494417328,125.315
18_sieve_eratosthenes,php,2,1791502200494418700,1791502200618729815,124.311
18_sieve_eratosthenes,php,3,1791502200618730486,1791502200748301691,129.571
18_sieve_eratosthenes,php,4,1791502200748302623,1791502200870714179,122.412
18_sieve_eratosthenes,php,5,1791502200870714861,1791502200995529922,124.815
18_sieve_eratosthenes,php,6,1791502200995532186,1791502201119892493,124.360
18_sieve_eratosthenes,php,7,1791502201119893124,1791502201243590005,123.697
18_sieve_eratosthenes,php,8,1791502201243590626,1791502201368608438,125.018
18_sieve_eratosthenes,php,9,1791502201368609079,1791502201494614356,126.005
18_sieve_eratosthenes,php,10,1791502201494616951,1791502201618906354,124.289
18_sieve_eratosthenes,python,1,1791502202758867449,1791502203980419037,1221.552
18_sieve_eratosthenes,python,2,1791502203980420079,1791502205162672648,1182.253
18_sieve_eratosthenes,python,3,1791502205162673579,1791502206347337077,1184.663
18_sieve_eratosthenes,python,4,1791502206347337819,1791502207471014871,1123.677
18_sieve_eratosthenes,python,5,1791502207471015543,1791502208659262065,1188.247
18_sieve_eratosthenes,python,6,1791502208659263999,1791502209844451743,1185.188
18_sieve_eratosthenes,python,7,1791502209844452384,1791502211018738066,1174.286
18_sieve_eratosthenes,python,8,1791502211018738738,1791502212189997866,1171.259
18_sieve_eratosthenes,python,9,1791502212189998828,1791502213327700140,1137.701
18_sieve_eratosthenes,python,10,1791502213327702374,1791502214454249910,1126.548
19_mandelbrot,c,1,1791502220656908259,1791502220669396576,12.488
19_mandelbrot,c,2,1791502220669397137,1791502220681868201,12.471
19_mandelbrot,c,3,1791502220681868601,1791502220694224770,12.356
19_mandelbrot,c,4,1791502220694225180,1791502220706584545,12.359
19_mandelbrot,c,5,1791502220706585326,1791502220719007769,12.422
19_mandelbrot,c,6,1791502220719009262,1791502220731625148,12.616
19_mandelbrot,c,7,1791502220731625679,1791502220744038714,12.413
19_mandelbrot,c,8,1791502220744039145,1791502220756443834,12.405
19_mandelbrot,c,9,1791502220756444315,1791502220768831511,12.387
19_mandelbrot,c,10,1791502220768833114,1791502220781245518,12.412
19_mandelbrot,cpp,1,1791502220795256932,1791502220808810959,13.554
19_mandelbrot,cpp,2,1791502220808812232,1791502220822178346,13.366
19_mandelbrot,cpp,3,1791502220822178727,1791502220835516879,13.338
19_mandelbrot,cpp,4,1791502220835517280,1791502220848837047,13.320
19_mandelbrot,cpp,5,1791502220848837428,1791502220862073027,13.236
19_mandelbrot,cpp,6,1791502220862074210,1791502220875439422,13.365
19_mandelbrot,cpp,7,1791502220875440124,1791502220889669669,14.230
19_mandelbrot,cpp,8,1791502220889670290,1791502220903060480,13.390
19_mandelbrot,cpp,9,1791502220903060931,1791502220916442514,13.382
19_mandelbrot,cpp,10,1791502220916444137,1791502220929792378,13.348
19_mandelbrot,rust,1,1791502220942717342,1791502220955375257,12.658
19_mandelbrot,rust,2,1791502220955375978,1791502220967809522,12.434
19_mandelbrot,rust,3,1791502220967810003,1791502220980375364,12.565
19_mandelbrot,rust,4,1791502220980375895,1791502220992820880,12.445
19_mandelbrot,rust,5,1791502220992821271,1791502221005181066,12.360
19_mandelbrot,rust,6,1791502221005182458,1791502221017594893,12.412
19_mandelbrot,rust,7,1791502221017595554,1791502221030127352,12.532
19_mandelbrot,rust,8,1791502221030127923,1791502221042547310,12.419
19_mandelbrot,rust,9,1791502221042547761,1791502221054922303,12.375
19_mandelbrot,rust,10,1791502221054924167,1791502221067318347,12.394
19_mandelbrot,go,1,1791502221081612340,1791502221095648924,14.037
19_mandelbrot,go,2,1791502221095649635,1791502221109666952,14.017
19_mandelbrot,go,3,1791502221109667794,1791502221123931774,14.264
19_mandelbrot,go,4,1791502221123932385,1791502221137764755,13.832
19_mandelbrot,go,5,1791502221137765346,1791502221151601045,13.836
19_mandelbrot,go,6,1791502221151607096,1791502221165229402,13.622
19_mandelbrot,go,7,1791502221165230253,1791502221178954868,13.725
19_mandelbrot,go,8,1791502221178955469,1791502221193041174,14.086
19_mandelbrot,go,9,1791502221193042056,1791502221207301327,14.259
19_mandelbrot,go,10,1791502221207304353,1791502221221671200,14.367
19_mandelbrot,salam_llvm,1,1791502221234275974,1791502221246611153,12.335
19_mandelbrot,salam_llvm,2,1791502221246611704,1791502221258828170,12.216
19_mandelbrot,salam_llvm,3,1791502221258828762,1791502221271067159,12.238
19_mandelbrot,salam_llvm,4,1791502221271067580,1791502221283284677,12.217
19_mandelbrot,salam_llvm,5,1791502221283285238,1791502221295621789,12.337
19_mandelbrot,salam_llvm,6,1791502221295624004,1791502221308119333,12.495
19_mandelbrot,salam_llvm,7,1791502221308119994,1791502221320422682,12.303
19_mandelbrot,salam_llvm,8,1791502221320423123,1791502221332719710,12.297
19_mandelbrot,salam_llvm,9,1791502221332720251,1791502221344917631,12.197
19_mandelbrot,salam_llvm,10,1791502221344919755,1791502221357260514,12.341
19_mandelbrot,salam_gcc,1,1791502221370154633,1791502221382711798,12.557
19_mandelbrot,salam_gcc,2,1791502221382713261,1791502221395392205,12.679
19_mandelbrot,salam_gcc,3,1791502221395393017,1791502221407972274,12.579
19_mandelbrot,salam_gcc,4,1791502221407972905,1791502221420452956,12.480
19_mandelbrot,salam_gcc,5,1791502221420453547,1791502221432989032,12.535
19_mandelbrot,salam_gcc,6,1791502221432996055,1791502221445653349,12.657
19_mandelbrot,salam_gcc,7,1791502221445654010,1791502221458264536,12.611
19_mandelbrot,salam_gcc,8,1791502221458265448,1791502221470900229,12.635
19_mandelbrot,salam_gcc,9,1791502221470900760,1791502221483518179,12.617
19_mandelbrot,salam_gcc,10,1791502221483521585,1791502221496164252,12.643
19_mandelbrot,salam_tcc,1,1791502221508846342,1791502221521601610,12.755
19_mandelbrot,salam_tcc,2,1791502221521602992,1791502221534255126,12.652
19_mandelbrot,salam_tcc,3,1791502221534255657,1791502221546733624,12.478
19_mandelbrot,salam_tcc,4,1791502221546734035,1791502221559201061,12.467
19_mandelbrot,salam_tcc,5,1791502221559201462,1791502221571612914,12.411
19_mandelbrot,salam_tcc,6,1791502221571614507,1791502221584099177,12.485
19_mandelbrot,salam_tcc,7,1791502221584099648,1791502221596472157,12.373
19_mandelbrot,salam_tcc,8,1791502221596472567,1791502221609026236,12.554
19_mandelbrot,salam_tcc,9,1791502221609026908,1791502221621693679,12.667
19_mandelbrot,salam_tcc,10,1791502221621696414,1791502221634127203,12.431
19_mandelbrot,php,1,1791502221794623289,1791502221953831428,159.208
19_mandelbrot,php,2,1791502221953832800,1791502222113625285,159.792
19_mandelbrot,php,3,1791502222113626147,1791502222273441466,159.815
19_mandelbrot,php,4,1791502222273442117,1791502222432609919,159.168
19_mandelbrot,php,5,1791502222432610550,1791502222591432236,158.822
19_mandelbrot,php,6,1791502222591434110,1791502222752080378,160.646
19_mandelbrot,php,7,1791502222752081239,1791502222911763477,159.682
19_mandelbrot,php,8,1791502222911764519,1791502223069279385,157.515
19_mandelbrot,php,9,1791502223069280086,1791502223228291714,159.012
19_mandelbrot,php,10,1791502223228294780,1791502223392577168,164.282
19_mandelbrot,python,1,1791502225084670607,1791502226737817574,1653.147
19_mandelbrot,python,2,1791502226737818526,1791502228499873843,1762.055
19_mandelbrot,python,3,1791502228499874474,1791502230322415540,1822.541
19_mandelbrot,python,4,1791502230322416371,1791502232080442661,1758.026
19_mandelbrot,python,5,1791502232080443302,1791502233831277684,1750.834
19_mandelbrot,python,6,1791502233831279738,1791502235506067706,1674.788
19_mandelbrot,python,7,1791502235506068658,1791502237200754097,1694.685
19_mandelbrot,python,8,1791502237200754718,1791502238930070580,1729.316
19_mandelbrot,python,9,1791502238930071251,1791502240594848719,1664.777
19_mandelbrot,python,10,1791502240594851033,1791502242486207099,1891.356
20_monte_carlo_pi,c,1,1791502252165454029,1791502252196644857,31.191
20_monte_carlo_pi,c,2,1791502252196645669,1791502252227716603,31.071
20_monte_carlo_pi,c,3,1791502252227717294,1791502252258854772,31.137
20_monte_carlo_pi,c,4,1791502252258855373,1791502252289998713,31.143
20_monte_carlo_pi,c,5,1791502252289999434,1791502252321219036,31.220
20_monte_carlo_pi,c,6,1791502252321220759,1791502252352199410,30.979
20_monte_carlo_pi,c,7,1791502252352200161,1791502252383328993,31.129
20_monte_carlo_pi,c,8,1791502252383329735,1791502252414510354,31.181
20_monte_carlo_pi,c,9,1791502252414511105,1791502252445710400,31.199
20_monte_carlo_pi,c,10,1791502252445714137,1791502252476774480,31.060
20_monte_carlo_pi,cpp,1,1791502252509472577,1791502252541854482,32.382
20_monte_carlo_pi,cpp,2,1791502252541855604,1791502252574455178,32.600
20_monte_carlo_pi,cpp,3,1791502252574456160,1791502252607037841,32.582
20_monte_carlo_pi,cpp,4,1791502252607038612,1791502252639794360,32.756
20_monte_carlo_pi,cpp,5,1791502252639795031,1791502252672374547,32.580
20_monte_carlo_pi,cpp,6,1791502252672376201,1791502252704747326,32.371
20_monte_carlo_pi,cpp,7,1791502252704747957,1791502252737312055,32.564
20_monte_carlo_pi,cpp,8,1791502252737312606,1791502252769505917,32.193
20_monte_carlo_pi,cpp,9,1791502252769506388,1791502252801795379,32.289
20_monte_carlo_pi,cpp,10,1791502252801802322,1791502252834166063,32.364
20_monte_carlo_pi,rust,1,1791502252851058539,1791502252867774823,16.716
20_monte_carlo_pi,rust,2,1791502252867775955,1791502252884208356,16.432
20_monte_carlo_pi,rust,3,1791502252884208837,1791502252900665033,16.456
20_monte_carlo_pi,rust,4,1791502252900665554,1791502252917020890,16.355
20_monte_carlo_pi,rust,5,1791502252917021331,1791502252933430268,16.409
20_monte_carlo_pi,rust,6,1791502252933431901,1791502252950031176,16.599
20_monte_carlo_pi,rust,7,1791502252950031697,1791502252966409195,16.377
20_monte_carlo_pi,rust,8,1791502252966409706,1791502252982847868,16.438
20_monte_carlo_pi,rust,9,1791502252982848499,1791502252999626670,16.778
20_monte_carlo_pi,rust,10,1791502252999629715,1791502253016242816,16.613
20_monte_carlo_pi,go,1,1791502253054308503,1791502253092326236,38.018
20_monte_carlo_pi,go,2,1791502253092329242,1791502253129988325,37.659
20_monte_carlo_pi,go,3,1791502253129989407,1791502253168021194,38.032
20_monte_carlo_pi,go,4,1791502253168022296,1791502253205980914,37.959
20_monte_carlo_pi,go,5,1791502253205981976,1791502253243712327,37.730
20_monte_carlo_pi,go,6,1791502253243714371,1791502253281853528,38.139
20_monte_carlo_pi,go,7,1791502253281854711,1791502253320015850,38.161
20_monte_carlo_pi,go,8,1791502253320016621,1791502253357760778,37.744
20_monte_carlo_pi,go,9,1791502253357761900,1791502253395565991,37.804
20_monte_carlo_pi,go,10,1791502253395575900,1791502253433145335,37.569
20_monte_carlo_pi,salam_llvm,1,1791502253449787500,1791502253466094446,16.307
20_monte_carlo_pi,salam_llvm,2,1791502253466095277,1791502253482593552,16.498
20_monte_carlo_pi,salam_llvm,3,1791502253482594143,1791502253499008761,16.415
20_monte_carlo_pi,salam_llvm,4,1791502253499009412,1791502253515416005,16.407
20_monte_carlo_pi,salam_llvm,5,1791502253515416516,1791502253531786700,16.370
20_monte_carlo_pi,salam_llvm,6,1791502253531788023,1791502253548053049,16.265
20_monte_carlo_pi,salam_llvm,7,1791502253548053541,1791502253564242114,16.189
20_monte_carlo_pi,salam_llvm,8,1791502253564242514,1791502253580420969,16.178
20_monte_carlo_pi,salam_llvm,9,1791502253580421329,1791502253596574386,16.153
20_monte_carlo_pi,salam_llvm,10,1791502253596576430,1791502253612710901,16.134
20_monte_carlo_pi,salam_gcc,1,1791502253646950656,1791502253681354068,34.403
20_monte_carlo_pi,salam_gcc,2,1791502253681355250,1791502253715669615,34.314
20_monte_carlo_pi,salam_gcc,3,1791502253715670397,1791502253749887609,34.217
20_monte_carlo_pi,salam_gcc,4,1791502253749888140,1791502253784133633,34.245
20_monte_carlo_pi,salam_gcc,5,1791502253784134144,1791502253818339233,34.205
20_monte_carlo_pi,salam_gcc,6,1791502253818341477,1791502253852772461,34.431
20_monte_carlo_pi,salam_gcc,7,1791502253852773554,1791502253887075916,34.302
20_monte_carlo_pi,salam_gcc,8,1791502253887076437,1791502253921104784,34.028
20_monte_carlo_pi,salam_gcc,9,1791502253921105375,1791502253955371409,34.266
20_monte_carlo_pi,salam_gcc,10,1791502253955380767,1791502253989760164,34.379
20_monte_carlo_pi,salam_tcc,1,1791502254002732093,1791502254015341254,12.609
20_monte_carlo_pi,salam_tcc,2,1791502254015342416,1791502254028141324,12.799
20_monte_carlo_pi,salam_tcc,3,1791502254028142025,1791502254040908571,12.767
20_monte_carlo_pi,salam_tcc,4,1791502254040909012,1791502254053503576,12.595
20_monte_carlo_pi,salam_tcc,5,1791502254053503996,1791502254065891812,12.388
20_monte_carlo_pi,salam_tcc,6,1791502254065893084,1791502254078454756,12.562
20_monte_carlo_pi,salam_tcc,7,1791502254078455507,1791502254091131994,12.676
20_monte_carlo_pi,salam_tcc,8,1791502254091132926,1791502254103688507,12.556
20_monte_carlo_pi,salam_tcc,9,1791502254103689068,1791502254116059240,12.370
20_monte_carlo_pi,salam_tcc,10,1791502254116061223,1791502254128422078,12.361
20_monte_carlo_pi,php,1,1791502254523942392,1791502254910778832,386.836
20_monte_carlo_pi,php,2,1791502254910780045,1791502255304703677,393.924
20_monte_carlo_pi,php,3,1791502255304704398,1791502255701335792,396.631
20_monte_carlo_pi,php,4,1791502255701336423,1791502256090658609,389.322
20_monte_carlo_pi,php,5,1791502256090659521,1791502256488097780,397.438
20_monte_carlo_pi,php,6,1791502256488100394,1791502256902735200,414.635
20_monte_carlo_pi,php,7,1791502256902736082,1791502257300205969,397.470
20_monte_carlo_pi,php,8,1791502257300206690,1791502257700241522,400.035
20_monte_carlo_pi,php,9,1791502257700242203,1791502258088130248,387.888
20_monte_carlo_pi,php,10,1791502258088137812,1791502258483921856,395.784
20_monte_carlo_pi,python,1,1791502263408198057,1791502268137317773,4729.120
20_monte_carlo_pi,python,2,1791502268137319206,1791502272847035446,4709.716
20_monte_carlo_pi,python,3,1791502272847036378,1791502277539788240,4692.752
20_monte_carlo_pi,python,4,1791502277539789493,1791502282702604604,5162.815
20_monte_carlo_pi,python,5,1791502282702605656,1791502287375270710,4672.665
20_monte_carlo_pi,python,6,1791502287375273495,1791502292139479754,4764.206
20_monte_carlo_pi,python,7,1791502292139481307,1791502296846769704,4707.288
20_monte_carlo_pi,python,8,1791502296846770776,1791502301575698846,4728.928
20_monte_carlo_pi,python,9,1791502301575699777,1791502306453166293,4877.467
20_monte_carlo_pi,python,10,1791502306453173607,1791502311149078798,4695.905
21_coin_change_dp,c,1,1791502315806300857,1791502315809883750,3.583
21_coin_change_dp,c,2,1791502315809884501,1791502315813368147,3.484
21_coin_change_dp,c,3,1791502315813368548,1791502315816950159,3.582
21_coin_change_dp,c,4,1791502315816950589,1791502315820650522,3.700
21_coin_change_dp,c,5,1791502315820650902,1791502315824135460,3.485
21_coin_change_dp,c,6,1791502315824136442,1791502315827626751,3.490
21_coin_change_dp,c,7,1791502315827627132,1791502315831008526,3.381
21_coin_change_dp,c,8,1791502315831008887,1791502315834370825,3.362
21_coin_change_dp,c,9,1791502315834371206,1791502315837770203,3.399
21_coin_change_dp,c,10,1791502315837771275,1791502315841116452,3.345
21_coin_change_dp,cpp,1,1791502315845881661,1791502315850531485,4.650
21_coin_change_dp,cpp,2,1791502315850532948,1791502315855230572,4.698
21_coin_change_dp,cpp,3,1791502315855231023,1791502315859724784,4.494
21_coin_change_dp,cpp,4,1791502315859725195,1791502315864042225,4.317
21_coin_change_dp,cpp,5,1791502315864042646,1791502315868406193,4.364
21_coin_change_dp,cpp,6,1791502315868407255,1791502315872733783,4.327
21_coin_change_dp,cpp,7,1791502315872734174,1791502315877027489,4.293
21_coin_change_dp,cpp,8,1791502315877027900,1791502315881421774,4.394
21_coin_change_dp,cpp,9,1791502315881422145,1791502315885811050,4.389
21_coin_change_dp,cpp,10,1791502315885812203,1791502315890117911,4.306
21_coin_change_dp,rust,1,1791502315894054297,1791502315897897849,3.844
21_coin_change_dp,rust,2,1791502315897899071,1791502315901875452,3.976
21_coin_change_dp,rust,3,1791502315901875883,1791502315905729153,3.853
21_coin_change_dp,rust,4,1791502315905729704,1791502315909516239,3.787
21_coin_change_dp,rust,5,1791502315909516609,1791502315913316549,3.800
21_coin_change_dp,rust,6,1791502315913317701,1791502315917085441,3.768
21_coin_change_dp,rust,7,1791502315917085911,1791502315920824005,3.738
21_coin_change_dp,rust,8,1791502315920824396,1791502315924541010,3.717
21_coin_change_dp,rust,9,1791502315924541410,1791502315928310352,3.769
21_coin_change_dp,rust,10,1791502315928311534,1791502315932052183,3.741
21_coin_change_dp,go,1,1791502315936575179,1791502315940960237,4.385
21_coin_change_dp,go,2,1791502315940960758,1791502315944950496,3.990
21_coin_change_dp,go,3,1791502315944950907,1791502315949112946,4.162
21_coin_change_dp,go,4,1791502315949113367,1791502315953604133,4.491
21_coin_change_dp,go,5,1791502315953604524,1791502315958063160,4.459
21_coin_change_dp,go,6,1791502315958064552,1791502315962268258,4.204
21_coin_change_dp,go,7,1791502315962268668,1791502315966452298,4.184
21_coin_change_dp,go,8,1791502315966452699,1791502315970518487,4.066
21_coin_change_dp,go,9,1791502315970518898,1791502315974930215,4.411
21_coin_change_dp,go,10,1791502315974931568,1791502315979108715,4.177
21_coin_change_dp,salam_llvm,1,1791502315982950844,1791502315986767005,3.816
21_coin_change_dp,salam_llvm,2,1791502315986768427,1791502315990727295,3.959
21_coin_change_dp,salam_llvm,3,1791502315990727696,1791502315994651438,3.924
21_coin_change_dp,salam_llvm,4,1791502315994651839,1791502315998378762,3.727
21_coin_change_dp,salam_llvm,5,1791502315998379142,1791502316002072983,3.694
21_coin_change_dp,salam_llvm,6,1791502316002077772,1791502316005808092,3.730
21_coin_change_dp,salam_llvm,7,1791502316005808532,1791502316009463480,3.655
21_coin_change_dp,salam_llvm,8,1791502316009463881,1791502316013125311,3.661
21_coin_change_dp,salam_llvm,9,1791502316013125711,1791502316016743880,3.618
21_coin_change_dp,salam_llvm,10,1791502316016745073,1791502316020415399,3.670
21_coin_change_dp,salam_gcc,1,1791502316024434100,1791502316028398227,3.964
21_coin_change_dp,salam_gcc,2,1791502316028399169,1791502316032307413,3.908
21_coin_change_dp,salam_gcc,3,1791502316032307853,1791502316036009949,3.702
21_coin_change_dp,salam_gcc,4,1791502316036010310,1791502316039705393,3.695
21_coin_change_dp,salam_gcc,5,1791502316039705774,1791502316043364860,3.659
21_coin_change_dp,salam_gcc,6,1791502316043365842,1791502316047138981,3.773
21_coin_change_dp,salam_gcc,7,1791502316047139342,1791502316050817914,3.679
21_coin_change_dp,salam_gcc,8,1791502316050818285,1791502316054652969,3.835
21_coin_change_dp,salam_gcc,9,1791502316054653400,1791502316058327735,3.674
21_coin_change_dp,salam_gcc,10,1791502316058328897,1791502316062079303,3.750
21_coin_change_dp,salam_tcc,1,1791502316065953423,1791502316069635872,3.682
21_coin_change_dp,salam_tcc,2,1791502316069636764,1791502316073353798,3.717
21_coin_change_dp,salam_tcc,3,1791502316073354239,1791502316076995771,3.642
21_coin_change_dp,salam_tcc,4,1791502316076996132,1791502316080633136,3.637
21_coin_change_dp,salam_tcc,5,1791502316080633537,1791502316084250063,3.617
21_coin_change_dp,salam_tcc,6,1791502316084256184,1791502316088026989,3.771
21_coin_change_dp,salam_tcc,7,1791502316088027390,1791502316091733223,3.706
21_coin_change_dp,salam_tcc,8,1791502316091733604,1791502316095339390,3.606
21_coin_change_dp,salam_tcc,9,1791502316095339851,1791502316099103572,3.764
21_coin_change_dp,salam_tcc,10,1791502316099104755,1791502316102880058,3.775
21_coin_change_dp,php,1,1791502316123593871,1791502316144255469,20.662
21_coin_change_dp,php,2,1791502316144256331,1791502316165831041,21.575
21_coin_change_dp,php,3,1791502316165831743,1791502316186910373,21.079
21_coin_change_dp,php,4,1791502316186911064,1791502316207475409,20.564
21_coin_change_dp,php,5,1791502316207476381,1791502316228752842,21.276
21_coin_change_dp,php,6,1791502316228754375,1791502316248838599,20.084
21_coin_change_dp,php,7,1791502316248839110,1791502316268832804,19.994
21_coin_change_dp,php,8,1791502316268833436,1791502316288854090,20.021
21_coin_change_dp,php,9,1791502316288854611,1791502316308934307,20.080
21_coin_change_dp,php,10,1791502316308936110,1791502316329342198,20.406
21_coin_change_dp,python,1,1791502316485553772,1791502316643009727,157.456
21_coin_change_dp,python,2,1791502316643010709,1791502316798345725,155.335
21_coin_change_dp,python,3,1791502316798346407,1791502316952780222,154.434
21_coin_change_dp,python,4,1791502316952781074,1791502317125024956,172.244
21_coin_change_dp,python,5,1791502317125025587,1791502317280229958,155.204
21_coin_change_dp,python,6,1791502317280231812,1791502317435913088,155.681
21_coin_change_dp,python,7,1791502317435913709,1791502317593278253,157.365
21_coin_change_dp,python,8,1791502317593278884,1791502317751780492,158.502
21_coin_change_dp,python,9,1791502317751781153,1791502317905086060,153.305
21_coin_change_dp,python,10,1791502317905088004,1791502318058984121,153.896
22_knapsack_01,c,1,1791502324214454021,1791502324220198249,5.744
22_knapsack_01,c,2,1791502324220198860,1791502324225889458,5.691
22_knapsack_01,c,3,1791502324225889858,1791502324231916647,6.027
22_knapsack_01,c,4,1791502324231917619,1791502324238207080,6.289
22_knapsack_01,c,5,1791502324238207461,1791502324243871669,5.664
22_knapsack_01,c,6,1791502324243872761,1791502324249707539,5.835
22_knapsack_01,c,7,1791502324249707910,1791502324255518363,5.810
22_knapsack_01,c,8,1791502324255518703,1791502324261384129,5.865
22_knapsack_01,c,9,1791502324261384750,1791502324267449350,6.065
22_knapsack_01,c,10,1791502324267451534,1791502324273430372,5.979
22_knapsack_01,cpp,1,1791502324280640533,1791502324287523478,6.883
22_knapsack_01,cpp,2,1791502324287524119,1791502324294408006,6.884
22_knapsack_01,cpp,3,1791502324294408477,1791502324301302623,6.894
22_knapsack_01,cpp,4,1791502324301303124,1791502324308088596,6.785
22_knapsack_01,cpp,5,1791502324308089067,1791502324314834474,6.745
22_knapsack_01,cpp,6,1791502324314835586,1791502324321540399,6.705
22_knapsack_01,cpp,7,1791502324321541001,1791502324328460364,6.919
22_knapsack_01,cpp,8,1791502324328460814,1791502324335261014,6.800
22_knapsack_01,cpp,9,1791502324335261495,1791502324342044954,6.783
22_knapsack_01,cpp,10,1791502324342047188,1791502324348974456,6.927
22_knapsack_01,rust,1,1791502324354632482,1791502324359940031,5.308
22_knapsack_01,rust,2,1791502324359940562,1791502324365807481,5.867
22_knapsack_01,rust,3,1791502324365807871,1791502324371308363,5.500
22_knapsack_01,rust,4,1791502324371308984,1791502324377399522,6.091
22_knapsack_01,rust,5,1791502324377399973,1791502324383387517,5.988
22_knapsack_01,rust,6,1791502324383388620,1791502324388987445,5.599
22_knapsack_01,rust,7,1791502324388987806,1791502324394580560,5.593
22_knapsack_01,rust,8,1791502324394580941,1791502324399855578,5.275
22_knapsack_01,rust,9,1791502324399855949,1791502324405312387,5.456
22_knapsack_01,rust,10,1791502324405314661,1791502324411423534,6.109
22_knapsack_01,go,1,1791502324421646185,1791502324430600156,8.954
22_knapsack_01,go,2,1791502324430600838,1791502324440047543,9.447
22_knapsack_01,go,3,1791502324440047954,1791502324448737639,8.690
22_knapsack_01,go,4,1791502324448738039,1791502324457540396,8.802
22_knapsack_01,go,5,1791502324457540777,1791502324466426460,8.886
22_knapsack_01,go,6,1791502324466427782,1791502324475961611,9.534
22_knapsack_01,go,7,1791502324475962022,1791502324484885461,8.923
22_knapsack_01,go,8,1791502324484885922,1791502324493841450,8.956
22_knapsack_01,go,9,1791502324493841841,1791502324502629590,8.788
22_knapsack_01,go,10,1791502324502631945,1791502324512391167,9.759
22_knapsack_01,salam_llvm,1,1791502324519646403,1791502324526188338,6.542
22_knapsack_01,salam_llvm,2,1791502324526189210,1791502324532240103,6.051
22_knapsack_01,salam_llvm,3,1791502324532240494,1791502324538361970,6.121
22_knapsack_01,salam_llvm,4,1791502324538362351,1791502324544606567,6.244
22_knapsack_01,salam_llvm,5,1791502324544607159,1791502324550928400,6.321
22_knapsack_01,salam_llvm,6,1791502324550930023,1791502324557113215,6.183
22_knapsack_01,salam_llvm,7,1791502324557113655,1791502324563182763,6.069
22_knapsack_01,salam_llvm,8,1791502324563183154,1791502324569247623,6.064
22_knapsack_01,salam_llvm,9,1791502324569247994,1791502324575307874,6.060
22_knapsack_01,salam_llvm,10,1791502324575309388,1791502324581367575,6.058
22_knapsack_01,salam_gcc,1,1791502324588242429,1791502324594668567,6.426
22_knapsack_01,salam_gcc,2,1791502324594669128,1791502324601083574,6.414
22_knapsack_01,salam_gcc,3,1791502324601084045,1791502324607453767,6.370
22_knapsack_01,salam_gcc,4,1791502324607454148,1791502324613771742,6.318
22_knapsack_01,salam_gcc,5,1791502324613772183,1791502324620156051,6.384
22_knapsack_01,salam_gcc,6,1791502324620157113,1791502324626566840,6.410
22_knapsack_01,salam_gcc,7,1791502324626567261,1791502324632925231,6.358
22_knapsack_01,salam_gcc,8,1791502324632925702,1791502324639227446,6.302
22_knapsack_01,salam_gcc,9,1791502324639227927,1791502324645605654,6.378
22_knapsack_01,salam_gcc,10,1791502324645607397,1791502324651955168,6.348
22_knapsack_01,salam_tcc,1,1791502324658438681,1791502324664857305,6.419
22_knapsack_01,salam_tcc,2,1791502324664858497,1791502324671453673,6.595
22_knapsack_01,salam_tcc,3,1791502324671454163,1791502324677907192,6.453
22_knapsack_01,salam_tcc,4,1791502324677907623,1791502324684523807,6.616
22_knapsack_01,salam_tcc,5,1791502324684524228,1791502324690922684,6.398
22_knapsack_01,salam_tcc,6,1791502324690923585,1791502324697303987,6.380
22_knapsack_01,salam_tcc,7,1791502324697304659,1791502324703634135,6.329
22_knapsack_01,salam_tcc,8,1791502324703634496,1791502324709910812,6.276
22_knapsack_01,salam_tcc,9,1791502324709911183,1791502324716211024,6.300
22_knapsack_01,salam_tcc,10,1791502324716212607,1791502324722544839,6.332
22_knapsack_01,php,1,1791502324857170504,1791502324992408240,135.238
22_knapsack_01,php,2,1791502324992409302,1791502325127903450,135.494
22_knapsack_01,php,3,1791502325127904141,1791502325263260821,135.357
22_knapsack_01,php,4,1791502325263261492,1791502325398275258,135.014
22_knapsack_01,php,5,1791502325398275929,1791502325533904672,135.629
22_knapsack_01,php,6,1791502325533906806,1791502325668709516,134.803
22_knapsack_01,php,7,1791502325668710167,1791502325804814109,136.104
22_knapsack_01,php,8,1791502325804814740,1791502325939762112,134.947
22_knapsack_01,php,9,1791502325939762733,1791502326074820963,135.058
22_knapsack_01,php,10,1791502326074823638,1791502326210044643,135.221
22_knapsack_01,python,1,1791502327664133657,1791502329101377631,1437.244
22_knapsack_01,python,2,1791502329101379795,1791502330647028859,1545.649
22_knapsack_01,python,3,1791502330647029531,1791502332195418562,1548.389
22_knapsack_01,python,4,1791502332195419294,1791502333691859860,1496.441
22_knapsack_01,python,5,1791502333691860521,1791502335189111288,1497.251
22_knapsack_01,python,6,1791502335189121357,1791502336752149055,1563.028
22_knapsack_01,python,7,1791502336752150127,1791502338246278409,1494.128
22_knapsack_01,python,8,1791502338246279131,1791502339680787196,1434.508
22_knapsack_01,python,9,1791502339680787847,1791502341167082126,1486.294
22_knapsack_01,python,10,1791502341167084762,1791502342653569479,1486.485
23_caesar_cipher,c,1,1791502348615058689,1791502348632052225,16.994
23_caesar_cipher,c,2,1791502348632053468,1791502348648907312,16.854
23_caesar_cipher,c,3,1791502348648907753,1791502348665676968,16.769
23_caesar_cipher,c,4,1791502348665677419,1791502348682344673,16.667
23_caesar_cipher,c,5,1791502348682345114,1791502348699181695,16.837
23_caesar_cipher,c,6,1791502348699182928,1791502348716087487,16.905
23_caesar_cipher,c,7,1791502348716088278,1791502348733185429,17.097
23_caesar_cipher,c,8,1791502348733185950,1791502348750011591,16.826
23_caesar_cipher,c,9,1791502348750012112,1791502348766792739,16.781
23_caesar_cipher,c,10,1791502348766795114,1791502348783789071,16.994
23_caesar_cipher,cpp,1,1791502348802143160,1791502348820638023,18.495
23_caesar_cipher,cpp,2,1791502348820638855,1791502348838890131,18.251
23_caesar_cipher,cpp,3,1791502348838890962,1791502348857190900,18.300
23_caesar_cipher,cpp,4,1791502348857191441,1791502348875273059,18.082
23_caesar_cipher,cpp,5,1791502348875273680,1791502348893422409,18.149
23_caesar_cipher,cpp,6,1791502348893424153,1791502348911398018,17.974
23_caesar_cipher,cpp,7,1791502348911398579,1791502348929240057,17.841
23_caesar_cipher,cpp,8,1791502348929240508,1791502348947047410,17.807
23_caesar_cipher,cpp,9,1791502348947047791,1791502348964875933,17.828
23_caesar_cipher,cpp,10,1791502348964878147,1791502348983094558,18.216
23_caesar_cipher,rust,1,1791502348997592582,1791502349011779973,14.187
23_caesar_cipher,rust,2,1791502349011780714,1791502349025846807,14.066
23_caesar_cipher,rust,3,1791502349025847198,1791502349040074694,14.227
23_caesar_cipher,rust,4,1791502349040075215,1791502349054311077,14.236
23_caesar_cipher,rust,5,1791502349054311598,1791502349068327307,14.016
23_caesar_cipher,rust,6,1791502349068329050,1791502349082441621,14.113
23_caesar_cipher,rust,7,1791502349082442482,1791502349096790264,14.348
23_caesar_cipher,rust,8,1791502349096791166,1791502349110858722,14.068
23_caesar_cipher,rust,9,1791502349110859153,1791502349124858581,13.999
23_caesar_cipher,rust,10,1791502349124860264,1791502349138828203,13.968
23_caesar_cipher,go,1,1791502349163171082,1791502349187473182,24.302
23_caesar_cipher,go,2,1791502349187473993,1791502349211647101,24.173
23_caesar_cipher,go,3,1791502349211647562,1791502349235836948,24.189
23_caesar_cipher,go,4,1791502349235838160,1791502349260366284,24.528
23_caesar_cipher,go,5,1791502349260366775,1791502349284508484,24.142
23_caesar_cipher,go,6,1791502349284510688,1791502349308845059,24.334
23_caesar_cipher,go,7,1791502349308845760,1791502349333327760,24.482
23_caesar_cipher,go,8,1791502349333328892,1791502349357914752,24.586
23_caesar_cipher,go,9,1791502349357915634,1791502349382371492,24.456
23_caesar_cipher,go,10,1791502349382374017,1791502349406325439,23.951
23_caesar_cipher,salam_llvm,1,1791502349420625311,1791502349434685403,14.060
23_caesar_cipher,salam_llvm,2,1791502349434686104,1791502349448627924,13.942
23_caesar_cipher,salam_llvm,3,1791502349448628355,1791502349462624176,13.996
23_caesar_cipher,salam_llvm,4,1791502349462624888,1791502349476437686,13.813
23_caesar_cipher,salam_llvm,5,1791502349476438137,1791502349490316177,13.878
23_caesar_cipher,salam_llvm,6,1791502349490318021,1791502349504437173,14.119
23_caesar_cipher,salam_llvm,7,1791502349504437784,1791502349518364456,13.927
23_caesar_cipher,salam_llvm,8,1791502349518364907,1791502349532208844,13.844
23_caesar_cipher,salam_llvm,9,1791502349532209354,1791502349546224712,14.015
23_caesar_cipher,salam_llvm,10,1791502349546226776,1791502349560080571,13.854
23_caesar_cipher,salam_gcc,1,1791502349579882457,1791502349599441097,19.559
23_caesar_cipher,salam_gcc,2,1791502349599441718,1791502349619091097,19.649
23_caesar_cipher,salam_gcc,3,1791502349619091949,1791502349638932186,19.840
23_caesar_cipher,salam_gcc,4,1791502349638932808,1791502349658711761,19.779
23_caesar_cipher,salam_gcc,5,1791502349658712151,1791502349678437854,19.726
23_caesar_cipher,salam_gcc,6,1791502349678440068,1791502349698223960,19.784
23_caesar_cipher,salam_gcc,7,1791502349698224612,1791502349717888328,19.664
23_caesar_cipher,salam_gcc,8,1791502349717888769,1791502349737595336,19.707
23_caesar_cipher,salam_gcc,9,1791502349737595847,1791502349757372265,19.776
23_caesar_cipher,salam_gcc,10,1791502349757374769,1791502349777195781,19.821
23_caesar_cipher,salam_tcc,1,1791502349790959409,1791502349804519463,13.560
23_caesar_cipher,salam_tcc,2,1791502349804520665,1791502349818097901,13.577
23_caesar_cipher,salam_tcc,3,1791502349818098342,1791502349831690055,13.592
23_caesar_cipher,salam_tcc,4,1791502349831690506,1791502349845272181,13.582
23_caesar_cipher,salam_tcc,5,1791502349845272952,1791502349858993908,13.721
23_caesar_cipher,salam_tcc,6,1791502349858995150,1791502349872409370,13.414
23_caesar_cipher,salam_tcc,7,1791502349872409791,1791502349885923247,13.513
23_caesar_cipher,salam_tcc,8,1791502349885923678,1791502349899589520,13.666
23_caesar_cipher,salam_tcc,9,1791502349899590101,1791502349913019139,13.429
23_caesar_cipher,salam_tcc,10,1791502349913020993,1791502349926480488,13.459
23_caesar_cipher,php,1,1791502350035313615,1791502350143607305,108.294
23_caesar_cipher,php,2,1791502350143610501,1791502350251738610,108.128
23_caesar_cipher,php,3,1791502350251739241,1791502350359829129,108.090
23_caesar_cipher,php,4,1791502350359829800,1791502350468701835,108.872
23_caesar_cipher,php,5,1791502350468702756,1791502350576904323,108.202
23_caesar_cipher,php,6,1791502350576906597,1791502350685672915,108.766
23_caesar_cipher,php,7,1791502350685673576,1791502350793918741,108.245
23_caesar_cipher,php,8,1791502350793919874,1791502350902042399,108.123
23_caesar_cipher,php,9,1791502350902043120,1791502351010526072,108.483
23_caesar_cipher,php,10,1791502351010529088,1791502351123391295,112.862
23_caesar_cipher,python,1,1791502352600273900,1791502354214878370,1614.604
23_caesar_cipher,python,2,1791502354214879552,1791502355700211919,1485.332
23_caesar_cipher,python,3,1791502355700212841,1791502357147659712,1447.447
23_caesar_cipher,python,4,1791502357147660954,1791502358628045749,1480.385
23_caesar_cipher,python,5,1791502358628046661,1791502360086585407,1458.539
23_caesar_cipher,python,6,1791502360086587401,1791502361554252262,1467.665
23_caesar_cipher,python,7,1791502361554253254,1791502363018271308,1464.018
23_caesar_cipher,python,8,1791502363018272149,1791502364478662096,1460.390
23_caesar_cipher,python,9,1791502364478663398,1791502365933329821,1454.666
23_caesar_cipher,python,10,1791502365933332576,1791502367381633869,1448.301
24_merge_sort,c,1,1791502373281375671,1791502373313876241,32.501
24_merge_sort,c,2,1791502373313877694,1791502373345063117,31.185
24_merge_sort,c,3,1791502373345064389,1791502373377235602,32.171
24_merge_sort,c,4,1791502373377237095,1791502373408420474,31.183
24_merge_sort,c,5,1791502373408421516,1791502373440742900,32.321
24_merge_sort,c,6,1791502373440745936,1791502373471966895,31.221
24_merge_sort,c,7,1791502373471968418,1791502373503870726,31.902
24_merge_sort,c,8,1791502373503871648,1791502373535861821,31.990
24_merge_sort,c,9,1791502373535863564,1791502373568398339,32.535
24_merge_sort,c,10,1791502373568400844,1791502373600069694,31.669
24_merge_sort,cpp,1,1791502373632358968,1791502373664392973,32.034
24_merge_sort,cpp,2,1791502373664395477,1791502373696608258,32.213
24_merge_sort,cpp,3,1791502373696608819,1791502373728839944,32.231
24_merge_sort,cpp,4,1791502373728840736,1791502373761148304,32.308
24_merge_sort,cpp,5,1791502373761149166,1791502373793294981,32.146
24_merge_sort,cpp,6,1791502373793298397,1791502373825711784,32.413
24_merge_sort,cpp,7,1791502373825712596,1791502373857367810,31.655
24_merge_sort,cpp,8,1791502373857368732,1791502373888796910,31.428
24_merge_sort,cpp,9,1791502373888797712,1791502373920899133,32.101
24_merge_sort,cpp,10,1791502373920900817,1791502373952982171,32.081
24_merge_sort,rust,1,1791502373986975825,1791502374021419131,34.443
24_merge_sort,rust,2,1791502374021420113,1791502374055273953,33.854
24_merge_sort,rust,3,1791502374055274564,1791502374089244241,33.970
24_merge_sort,rust,4,1791502374089245182,1791502374122329408,33.084
24_merge_sort,rust,5,1791502374122329929,1791502374156927304,34.597
24_merge_sort,rust,6,1791502374156928997,1791502374190992200,34.063
24_merge_sort,rust,7,1791502374190992871,1791502374224729731,33.737
24_merge_sort,rust,8,1791502374224730352,1791502374258614980,33.885
24_merge_sort,rust,9,1791502374258615711,1791502374292419808,33.804
24_merge_sort,rust,10,1791502374292421701,1791502374325737326,33.316
24_merge_sort,go,1,1791502374365171045,1791502374404004175,38.833
24_merge_sort,go,2,1791502374404005447,1791502374442615221,38.610
24_merge_sort,go,3,1791502374442616042,1791502374481223942,38.608
24_merge_sort,go,4,1791502374481224573,1791502374520027779,38.803
24_merge_sort,go,5,1791502374520028671,1791502374559755963,39.727
24_merge_sort,go,6,1791502374559758208,1791502374597908389,38.150
24_merge_sort,go,7,1791502374597909320,1791502374637018401,39.109
24_merge_sort,go,8,1791502374637019252,1791502374689324991,52.306
24_merge_sort,go,9,1791502374689326143,1791502374738048978,48.723
24_merge_sort,go,10,1791502374738051122,1791502374783768819,45.718
24_merge_sort,salam_llvm,1,1791502374817382318,1791502374850443540,33.061
24_merge_sort,salam_llvm,2,1791502374850444852,1791502374883090636,32.646
24_merge_sort,salam_llvm,3,1791502374883091337,1791502374916001145,32.910
24_merge_sort,salam_llvm,4,1791502374916002298,1791502374948239045,32.237
24_merge_sort,salam_llvm,5,1791502374948239907,1791502374981027066,32.787
24_merge_sort,salam_llvm,6,1791502374981028518,1791502375012723120,31.695
24_merge_sort,salam_llvm,7,1791502375012723782,1791502375045944172,33.220
24_merge_sort,salam_llvm,8,1791502375045945204,1791502375079110881,33.166
24_merge_sort,salam_llvm,9,1791502375079111693,1791502375112055334,32.944
24_merge_sort,salam_llvm,10,1791502375112057038,1791502375144785586,32.729
24_merge_sort,salam_gcc,1,1791502375182411635,1791502375220835461,38.424
24_merge_sort,salam_gcc,2,1791502375220838016,1791502375257259602,36.422
24_merge_sort,salam_gcc,3,1791502375257260483,1791502375293828373,36.568
24_merge_sort,salam_gcc,4,1791502375293829194,1791502375330189335,36.360
24_merge_sort,salam_gcc,5,1791502375330190307,1791502375367845814,37.656
24_merge_sort,salam_gcc,6,1791502375367848418,1791502375404340696,36.492
24_merge_sort,salam_gcc,7,1791502375404341538,1791502375441290381,36.949
24_merge_sort,salam_gcc,8,1791502375441291042,1791502375478794995,37.504
24_merge_sort,salam_gcc,9,1791502375478795637,1791502375516542624,37.747
24_merge_sort,salam_gcc,10,1791502375516544819,1791502375553458476,36.914
24_merge_sort,salam_tcc,1,1791502375590547562,1791502375628182500,37.635
24_merge_sort,salam_tcc,2,1791502375628183732,1791502375665273720,37.090
24_merge_sort,salam_tcc,3,1791502375665274642,1791502375703062256,37.788
24_merge_sort,salam_tcc,4,1791502375703062767,1791502375739978748,36.916
24_merge_sort,salam_tcc,5,1791502375739979440,1791502375776808759,36.829
24_merge_sort,salam_tcc,6,1791502375776810843,1791502375814544987,37.734
24_merge_sort,salam_tcc,7,1791502375814546089,1791502375852546321,38.000
24_merge_sort,salam_tcc,8,1791502375852547443,1791502375890556963,38.010
24_merge_sort,salam_tcc,9,1791502375890558075,1791502375927329015,36.771
24_merge_sort,salam_tcc,10,1791502375927330808,1791502375964585524,37.255
24_merge_sort,php,1,1791502376288674496,1791502376614191862,325.517
24_merge_sort,php,2,1791502376614193255,1791502376936661159,322.468
24_merge_sort,php,3,1791502376936661850,1791502377263301720,326.640
24_merge_sort,php,4,1791502377263302401,1791502377586565685,323.263
24_merge_sort,php,5,1791502377586566306,1791502377908700546,322.134
24_merge_sort,php,6,1791502377908702349,1791502378233912821,325.210
24_merge_sort,php,7,1791502378233913603,1791502378557388107,323.475
24_merge_sort,php,8,1791502378557389129,1791502378880448389,323.059
24_merge_sort,php,9,1791502378880449051,1791502379204389354,323.940
24_merge_sort,php,10,1791502379204391567,1791502379529134647,324.743
24_merge_sort,python,1,1791502380642686486,1791502381736067844,1093.381
24_merge_sort,python,2,1791502381736068906,1791502382823244055,1087.175
24_merge_sort,python,3,1791502382823244756,1791502383909068559,1085.824
24_merge_sort,python,4,1791502383909069250,1791502385048839550,1139.770
24_merge_sort,python,5,1791502385048840231,1791502386147689421,1098.849
24_merge_sort,python,6,1791502386147691374,1791502387243926238,1096.235
24_merge_sort,python,7,1791502387243926959,1791502388348976561,1105.050
24_merge_sort,python,8,1791502388348977533,1791502389431702157,1082.725
24_merge_sort,python,9,1791502389431702878,1791502390552597658,1120.895
24_merge_sort,python,10,1791502390552600374,1791502391669287587,1116.687
25_palindrome_count,c,1,1791502398556567670,1791502398571260662,14.693
25_palindrome_count,c,2,1791502398571261343,1791502398585737238,14.476
25_palindrome_count,c,3,1791502398585737609,1791502398600220136,14.483
25_palindrome_count,c,4,1791502398600220516,1791502398614837135,14.617
25_palindrome_count,c,5,1791502398614837806,1791502398629638299,14.800
25_palindrome_count,c,6,1791502398629639351,1791502398644149640,14.510
25_palindrome_count,c,7,1791502398644150211,1791502398659088583,14.938
25_palindrome_count,c,8,1791502398659088974,1791502398674137272,15.048
25_palindrome_count,c,9,1791502398674137853,1791502398689480904,15.343
25_palindrome_count,c,10,1791502398689501051,1791502398704713156,15.212
25_palindrome_count,cpp,1,1791502398720522185,1791502398736438085,15.916
25_palindrome_count,cpp,2,1791502398736438727,1791502398753033440,16.595
25_palindrome_count,cpp,3,1791502398753033841,1791502398769017989,15.984
25_palindrome_count,cpp,4,1791502398769018380,1791502398784453648,15.435
25_palindrome_count,cpp,5,1791502398784454059,1791502398800383605,15.930
25_palindrome_count,cpp,6,1791502398800384917,1791502398816910982,16.526
25_palindrome_count,cpp,7,1791502398816911363,1791502398832580931,15.670
25_palindrome_count,cpp,8,1791502398832581502,1791502398848507842,15.926
25_palindrome_count,cpp,9,1791502398848508213,1791502398863994326,15.486
25_palindrome_count,cpp,10,1791502398863996270,1791502398879910377,15.914
25_palindrome_count,rust,1,1791502398895738442,1791502398910333725,14.595
25_palindrome_count,rust,2,1791502398910334416,1791502398925693652,15.359
25_palindrome_count,rust,3,1791502398925694052,1791502398940677162,14.983
25_palindrome_count,rust,4,1791502398940677954,1791502398956398598,15.721
25_palindrome_count,rust,5,1791502398956399129,1791502398972185215,15.786
25_palindrome_count,rust,6,1791502398972186618,1791502398987118352,14.932
25_palindrome_count,rust,7,1791502398987118732,1791502399002798379,15.680
25_palindrome_count,rust,8,1791502399002798790,1791502399017971396,15.173
25_palindrome_count,rust,9,1791502399017971977,1791502399033925578,15.954
25_palindrome_count,rust,10,1791502399033927501,1791502399049162794,15.235
25_palindrome_count,go,1,1791502399070572088,1791502399089429587,18.857
25_palindrome_count,go,2,1791502399089430749,1791502399113203470,23.773
25_palindrome_count,go,3,1791502399113204061,1791502399143211561,30.008
25_palindrome_count,go,4,1791502399143212643,1791502399162958379,19.746
25_palindrome_count,go,5,1791502399162959090,1791502399181869147,18.910
25_palindrome_count,go,6,1791502399181870680,1791502399200311528,18.441
25_palindrome_count,go,7,1791502399200312469,1791502399219554858,19.242
25_palindrome_count,go,8,1791502399219555449,1791502399238576334,19.021
25_palindrome_count,go,9,1791502399238576925,1791502399257540837,18.964
25_palindrome_count,go,10,1791502399257543091,1791502399276578143,19.035
25_palindrome_count,salam_llvm,1,1791502399291436589,1791502399305867493,14.431
25_palindrome_count,salam_llvm,2,1791502399305868084,1791502399320240479,14.372
25_palindrome_count,salam_llvm,3,1791502399320240840,1791502399334599969,14.359
25_palindrome_count,salam_llvm,4,1791502399334600309,1791502399349109681,14.509
25_palindrome_count,salam_llvm,5,1791502399349110362,1791502399364001191,14.891
25_palindrome_count,salam_llvm,6,1791502399364002694,1791502399378475607,14.473
25_palindrome_count,salam_llvm,7,1791502399378475968,1791502399392910499,14.435
25_palindrome_count,salam_llvm,8,1791502399392910869,1791502399407599848,14.689
25_palindrome_count,salam_llvm,9,1791502399407600609,1791502399422264560,14.664
25_palindrome_count,salam_llvm,10,1791502399422265873,1791502399436703420,14.438
25_palindrome_count,salam_gcc,1,1791502399451370875,1791502399465691983,14.321
25_palindrome_count,salam_gcc,2,1791502399465692705,1791502399480074737,14.382
25_palindrome_count,salam_gcc,3,1791502399480075288,1791502399494499119,14.424
25_palindrome_count,salam_gcc,4,1791502399494499580,1791502399509431714,14.932
25_palindrome_count,salam_gcc,5,1791502399509432105,1791502399523812053,14.380
25_palindrome_count,salam_gcc,6,1791502399523813466,1791502399538224232,14.411
25_palindrome_count,salam_gcc,7,1791502399538225204,1791502399552744865,14.520
25_palindrome_count,salam_gcc,8,1791502399552745226,1791502399567080320,14.335
25_palindrome_count,salam_gcc,9,1791502399567080710,1791502399581377814,14.297
25_palindrome_count,salam_gcc,10,1791502399581379597,1791502399595660389,14.281
25_palindrome_count,salam_tcc,1,1791502399610390064,1791502399625896827,15.507
25_palindrome_count,salam_tcc,2,1791502399625906094,1791502399640554476,14.648
25_palindrome_count,salam_tcc,3,1791502399640554767,1791502399655027209,14.472
25_palindrome_count,salam_tcc,4,1791502399655027760,1791502399669696701,14.669
25_palindrome_count,salam_tcc,5,1791502399669697081,1791502399684838358,15.141
25_palindrome_count,salam_tcc,6,1791502399684853917,1791502399699466091,14.612
25_palindrome_count,salam_tcc,7,1791502399699466512,1791502399714038050,14.572
25_palindrome_count,salam_tcc,8,1791502399714038401,1791502399728509621,14.471
25_palindrome_count,salam_tcc,9,1791502399728509971,1791502399743076219,14.566
25_palindrome_count,salam_tcc,10,1791502399743078073,1791502399758283730,15.206
25_palindrome_count,php,1,1791502400126477864,1791502400494975039,368.497
25_palindrome_count,php,2,1791502400494976261,1791502400864760901,369.785
25_palindrome_count,php,3,1791502400864761532,1791502401233109898,368.348
25_palindrome_count,php,4,1791502401233110699,1791502401601588498,368.478
25_palindrome_count,php,5,1791502401601589139,1791502401969972480,368.383
25_palindrome_count,php,6,1791502401969975196,1791502402338802209,368.827
25_palindrome_count,php,7,1791502402338803111,1791502402708009356,369.206
25_palindrome_count,php,8,1791502402708010047,1791502403076753063,368.743
25_palindrome_count,php,9,1791502403076753855,1791502403445692831,368.939
25_palindrome_count,php,10,1791502403445695857,1791502403815296372,369.601
25_palindrome_count,python,1,1791502406045758263,1791502408259681489,2213.923
25_palindrome_count,python,2,1791502408259682641,1791502410602870872,2343.188
25_palindrome_count,python,3,1791502410602871523,1791502412773819430,2170.948
25_palindrome_count,python,4,1791502412773820122,1791502415177569649,2403.750
25_palindrome_count,python,5,1791502415177570340,1791502417371802528,2194.232
25_palindrome_count,python,6,1791502417371804842,1791502419592236277,2220.431
25_palindrome_count,python,7,1791502419592236948,1791502421896945067,2304.708
25_palindrome_count,python,8,1791502421896945978,1791502424352816228,2455.870
25_palindrome_count,python,9,1791502424352816879,1791502426593284774,2240.468
25_palindrome_count,python,10,1791502426593287469,1791502428815187060,2221.900
26_ackermann,c,1,1791502433203139635,1791502433205340442,2.201
26_ackermann,c,2,1791502433205340993,1791502433207544295,2.203
26_ackermann,c,3,1791502433207544676,1791502433209739131,2.194
26_ackermann,c,4,1791502433209739472,1791502433211899753,2.160
26_ackermann,c,5,1791502433211900114,1791502433214076225,2.176
26_ackermann,c,6,1791502433214077136,1791502433216214565,2.137
26_ackermann,c,7,1791502433216214925,1791502433218331866,2.117
26_ackermann,c,8,1791502433218332226,1791502433220566205,2.234
26_ackermann,c,9,1791502433220566566,1791502433222646427,2.080
26_ackermann,c,10,1791502433222647679,1791502433224857253,2.210
26_ackermann,cpp,1,1791502433228645129,1791502433232053450,3.408
26_ackermann,cpp,2,1791502433232054031,1791502433235347558,3.294
26_ackermann,cpp,3,1791502433235347989,1791502433238514798,3.167
26_ackermann,cpp,4,1791502433238515228,1791502433241806872,3.292
26_ackermann,cpp,5,1791502433241807322,1791502433244972248,3.165
26_ackermann,cpp,6,1791502433244973239,1791502433248048046,3.075
26_ackermann,cpp,7,1791502433248048426,1791502433251119466,3.071
26_ackermann,cpp,8,1791502433251119836,1791502433254185856,3.066
26_ackermann,cpp,9,1791502433254186247,1791502433257273376,3.087
26_ackermann,cpp,10,1791502433257274519,1791502433260326582,3.052
26_ackermann,rust,1,1791502433262880584,1791502433265209512,2.329
26_ackermann,rust,2,1791502433265210062,1791502433267533099,2.323
26_ackermann,rust,3,1791502433267533490,1791502433269911209,2.378
26_ackermann,rust,4,1791502433269911890,1791502433272283047,2.371
26_ackermann,rust,5,1791502433272283488,1791502433274640077,2.357
26_ackermann,rust,6,1791502433274641319,1791502433276948426,2.307
26_ackermann,rust,7,1791502433276948807,1791502433279267515,2.319
26_ackermann,rust,8,1791502433279267896,1791502433281611150,2.343
26_ackermann,rust,9,1791502433281611541,1791502433283935830,2.324
26_ackermann,rust,10,1791502433283937222,1791502433286260880,2.324
26_ackermann,go,1,1791502433290034685,1791502433293617296,3.583
26_ackermann,go,2,1791502433293618458,1791502433297126034,3.508
26_ackermann,go,3,1791502433297126685,1791502433300737729,3.611
26_ackermann,go,4,1791502433300738230,1791502433304615351,3.877
26_ackermann,go,5,1791502433304616002,1791502433308124461,3.508
26_ackermann,go,6,1791502433308125734,1791502433311681793,3.556
26_ackermann,go,7,1791502433311682304,1791502433315040068,3.358
26_ackermann,go,8,1791502433315040599,1791502433318468658,3.428
26_ackermann,go,9,1791502433318469159,1791502433321869165,3.400
26_ackermann,go,10,1791502433321870548,1791502433325232304,3.362
26_ackermann,salam_llvm,1,1791502433327575647,1791502433329730999,2.155
26_ackermann,salam_llvm,2,1791502433329731480,1791502433331877925,2.146
26_ackermann,salam_llvm,3,1791502433331878316,1791502433334107316,2.229
26_ackermann,salam_llvm,4,1791502433334107687,1791502433336539868,2.432
26_ackermann,salam_llvm,5,1791502433336540198,1791502433338820946,2.281
26_ackermann,salam_llvm,6,1791502433338821987,1791502433341003038,2.181
26_ackermann,salam_llvm,7,1791502433341003418,1791502433343139164,2.136
26_ackermann,salam_llvm,8,1791502433343139524,1791502433345277423,2.138
26_ackermann,salam_llvm,9,1791502433345277784,1791502433347460628,2.183
26_ackermann,salam_llvm,10,1791502433347461860,1791502433349602064,2.140
26_ackermann,salam_gcc,1,1791502433351985954,1791502433354159350,2.173
26_ackermann,salam_gcc,2,1791502433354159821,1791502433356328398,2.169
26_ackermann,salam_gcc,3,1791502433356328799,1791502433358458883,2.130
26_ackermann,salam_gcc,4,1791502433358459224,1791502433360633792,2.175
26_ackermann,salam_gcc,5,1791502433360634173,1791502433362804222,2.170
26_ackermann,salam_gcc,6,1791502433362805274,1791502433364977097,2.172
26_ackermann,salam_gcc,7,1791502433364977488,1791502433367087936,2.110
26_ackermann,salam_gcc,8,1791502433367088286,1791502433369243719,2.155
26_ackermann,salam_gcc,9,1791502433369244079,1791502433371371439,2.127
26_ackermann,salam_gcc,10,1791502433371372541,1791502433373576023,2.203
26_ackermann,salam_tcc,1,1791502433375926152,1791502433378111060,2.185
26_ackermann,salam_tcc,2,1791502433378111641,1791502433380291900,2.180
26_ackermann,salam_tcc,3,1791502433380292270,1791502433382477088,2.185
26_ackermann,salam_tcc,4,1791502433382477458,1791502433384715966,2.239
26_ackermann,salam_tcc,5,1791502433384716357,1791502433386921903,2.206
26_ackermann,salam_tcc,6,1791502433386922905,1791502433389158418,2.236
26_ackermann,salam_tcc,7,1791502433389158808,1791502433391385053,2.226
26_ackermann,salam_tcc,8,1791502433391385404,1791502433393631238,2.246
26_ackermann,salam_tcc,9,1791502433393631659,1791502433395928045,2.296
26_ackermann,salam_tcc,10,1791502433395929458,1791502433398172685,2.243
26_ackermann,php,1,1791502433411192081,1791502433423607564,12.415
26_ackermann,php,2,1791502433423608125,1791502433436671773,13.064
26_ackermann,php,3,1791502433436672575,1791502433449465506,12.793
26_ackermann,php,4,1791502433449466107,1791502433462185430,12.719
26_ackermann,php,5,1791502433462186302,1791502433475898817,13.713
26_ackermann,php,6,1791502433475901492,1791502433488844505,12.943
26_ackermann,php,7,1791502433488845286,1791502433501389200,12.544
26_ackermann,php,8,1791502433501389732,1791502433514413736,13.024
26_ackermann,php,9,1791502433514414667,1791502433527372578,12.958
26_ackermann,php,10,1791502433527374762,1791502433539892677,12.518
26_ackermann,python,1,1791502433569609213,1791502433599227247,29.618
26_ackermann,python,2,1791502433599228419,1791502433628178621,28.950
26_ackermann,python,3,1791502433628179272,1791502433657074600,28.895
26_ackermann,python,4,1791502433657075552,1791502433686462873,29.387
26_ackermann,python,5,1791502433686463494,1791502433716731357,30.268
26_ackermann,python,6,1791502433716733211,1791502433745718347,28.985
26_ackermann,python,7,1791502433745718978,1791502433775075582,29.357
26_ackermann,python,8,1791502433775076554,1791502433804156298,29.080
26_ackermann,python,9,1791502433804156749,1791502433832669580,28.513
26_ackermann,python,10,1791502433832671103,1791502433861318376,28.647
27_edit_distance,c,1,1791502442209997015,1791502442218239413,8.242
27_edit_distance,c,2,1791502442218240165,1791502442226323314,8.083
27_edit_distance,c,3,1791502442226323695,1791502442234288923,7.965
27_edit_distance,c,4,1791502442234289304,1791502442242366112,8.077
27_edit_distance,c,5,1791502442242366653,1791502442250677629,8.311
27_edit_distance,c,6,1791502442250678842,1791502442258691619,8.013
27_edit_distance,c,7,1791502442258692020,1791502442266762526,8.071
27_edit_distance,c,8,1791502442266762896,1791502442275019351,8.256
27_edit_distance,c,9,1791502442275019852,1791502442283617757,8.598
27_edit_distance,c,10,1791502442283620011,1791502442291804220,8.184
27_edit_distance,cpp,1,1791502442301389429,1791502442310595444,9.206
27_edit_distance,cpp,2,1791502442310596416,1791502442319777344,9.181
27_edit_distance,cpp,3,1791502442319777855,1791502442329144882,9.367
27_edit_distance,cpp,4,1791502442329145283,1791502442338401643,9.256
27_edit_distance,cpp,5,1791502442338402114,1791502442347512169,9.110
27_edit_distance,cpp,6,1791502442347513912,1791502442357140927,9.627
27_edit_distance,cpp,7,1791502442357141478,1791502442366377069,9.236
27_edit_distance,cpp,8,1791502442366377560,1791502442375678283,9.301
27_edit_distance,cpp,9,1791502442375678844,1791502442384927640,9.249
27_edit_distance,cpp,10,1791502442384928892,1791502442394118747,9.190
27_edit_distance,rust,1,1791502442404165990,1791502442413912058,9.746
27_edit_distance,rust,2,1791502442413912809,1791502442423794222,9.881
27_edit_distance,rust,3,1791502442423794673,1791502442433610041,9.815
27_edit_distance,rust,4,1791502442433610471,1791502442443733737,10.123
27_edit_distance,rust,5,1791502442443734158,1791502442453568031,9.834
27_edit_distance,rust,6,1791502442453569113,1791502442463668193,10.099
27_edit_distance,rust,7,1791502442463668583,1791502442473116382,9.448
27_edit_distance,rust,8,1791502442473116773,1791502442482938533,9.822
27_edit_distance,rust,9,1791502442482938934,1791502442492442457,9.504
27_edit_distance,rust,10,1791502442492443469,1791502442501864528,9.421
27_edit_distance,go,1,1791502442513510447,1791502442524621197,11.111
27_edit_distance,go,2,1791502442524622449,1791502442536337800,11.715
27_edit_distance,go,3,1791502442536338331,1791502442547795939,11.458
27_edit_distance,go,4,1791502442547796340,1791502442558554935,10.759
27_edit_distance,go,5,1791502442558555336,1791502442569847937,11.293
27_edit_distance,go,6,1791502442569850081,1791502442581088796,11.239
27_edit_distance,go,7,1791502442581089287,1791502442592184896,11.096
27_edit_distance,go,8,1791502442592185387,1791502442602948623,10.763
27_edit_distance,go,9,1791502442602949023,1791502442613826213,10.877
27_edit_distance,go,10,1791502442613827826,1791502442624899921,11.072
27_edit_distance,salam_llvm,1,1791502442632894196,1791502442640384153,7.490
27_edit_distance,salam_llvm,2,1791502442640385265,1791502442647720773,7.336
27_edit_distance,salam_llvm,3,1791502442647721183,1791502442654960761,7.240
27_edit_distance,salam_llvm,4,1791502442654961141,1791502442662331334,7.370
27_edit_distance,salam_llvm,5,1791502442662331715,1791502442670621171,8.289
27_edit_distance,salam_llvm,6,1791502442670623275,1791502442677883130,7.260
27_edit_distance,salam_llvm,7,1791502442677883611,1791502442685727191,7.844
27_edit_distance,salam_llvm,8,1791502442685727893,1791502442693609474,7.882
27_edit_distance,salam_llvm,9,1791502442693610145,1791502442701306860,7.697
27_edit_distance,salam_llvm,10,1791502442701308002,1791502442708701979,7.394
27_edit_distance,salam_gcc,1,1791502442717045765,1791502442725555074,8.509
27_edit_distance,salam_gcc,2,1791502442725555765,1791502442733636750,8.081
27_edit_distance,salam_gcc,3,1791502442733637141,1791502442741758382,8.121
27_edit_distance,salam_gcc,4,1791502442741758793,1791502442749753015,7.994
27_edit_distance,salam_gcc,5,1791502442749753576,1791502442757807551,8.054
27_edit_distance,salam_gcc,6,1791502442757808553,1791502442765844434,8.036
27_edit_distance,salam_gcc,7,1791502442765844895,1791502442774064701,8.220
27_edit_distance,salam_gcc,8,1791502442774065191,1791502442782139404,8.074
27_edit_distance,salam_gcc,9,1791502442782139965,1791502442790063255,7.923
27_edit_distance,salam_gcc,10,1791502442790064628,1791502442798029195,7.965
27_edit_distance,salam_tcc,1,1791502442806408961,1791502442813938251,7.529
27_edit_distance,salam_tcc,2,1791502442813939063,1791502442821477400,7.538
27_edit_distance,salam_tcc,3,1791502442821478112,1791502442828801626,7.324
27_edit_distance,salam_tcc,4,1791502442828802328,1791502442836289089,7.487
27_edit_distance,salam_tcc,5,1791502442836289770,1791502442844565050,8.275
27_edit_distance,salam_tcc,6,1791502442844566402,1791502442852567999,8.002
27_edit_distance,salam_tcc,7,1791502442852568790,1791502442860582890,8.014
27_edit_distance,salam_tcc,8,1791502442860583872,1791502442868051888,7.468
27_edit_distance,salam_tcc,9,1791502442868052589,1791502442875570278,7.518
27_edit_distance,salam_tcc,10,1791502442875571621,1791502442883135637,7.564
27_edit_distance,php,1,1791502443217728997,1791502443567763473,350.034
27_edit_distance,php,2,1791502443567764685,1791502443905350537,337.586
27_edit_distance,php,3,1791502443905351178,1791502444237822409,332.471
27_edit_distance,php,4,1791502444237823060,1791502444569515790,331.693
27_edit_distance,php,5,1791502444569516641,1791502444901191177,331.675
27_edit_distance,php,6,1791502444901193522,1791502445231989470,330.796
27_edit_distance,php,7,1791502445231990301,1791502445564208287,332.218
27_edit_distance,php,8,1791502445564208917,1791502445896818177,332.609
27_edit_distance,php,9,1791502445896818808,1791502446229408400,332.590
27_edit_distance,php,10,1791502446229411095,1791502446561881944,332.471
27_edit_distance,python,1,1791502449736467362,1791502453014070255,3277.603
27_edit_distance,python,2,1791502453014071748,1791502456294528280,3280.457
27_edit_distance,python,3,1791502456294529101,1791502459711895846,3417.367
27_edit_distance,python,4,1791502459711896507,1791502463059797941,3347.901
27_edit_distance,python,5,1791502463059798643,1791502466280071233,3220.273
27_edit_distance,python,6,1791502466280073527,1791502469558997183,3278.924
27_edit_distance,python,7,1791502469558997825,1791502472830303076,3271.305
27_edit_distance,python,8,1791502472830303747,1791502476178312540,3348.009
27_edit_distance,python,9,1791502476178313172,1791502479506736738,3328.424
27_edit_distance,python,10,1791502479506739273,1791502482913088454,3406.349
28_prime_factorization,c,1,1791502576347621617,1791502577464559063,1116.937
28_prime_factorization,c,2,1791502577464560876,1791502578581360664,1116.800
28_prime_factorization,c,3,1791502578581361797,1791502579699371390,1118.010
28_prime_factorization,c,4,1791502579699372301,1791502580816778637,1117.406
28_prime_factorization,c,5,1791502580816779668,1791502581933921498,1117.142
28_prime_factorization,c,6,1791502581933923982,1791502583051277878,1117.354
28_prime_factorization,c,7,1791502583051278720,1791502584168823649,1117.545
28_prime_factorization,c,8,1791502584168824881,1791502585286312342,1117.487
28_prime_factorization,c,9,1791502585286313554,1791502586403381939,1117.068
28_prime_factorization,c,10,1791502586403384895,1791502587520998322,1117.613
28_prime_factorization,cpp,1,1791502588640072137,1791502589759771424,1119.699
28_prime_factorization,cpp,2,1791502589759772867,1791502590892472265,1132.699
28_prime_factorization,cpp,3,1791502590892472976,1791502592011659279,1119.186
28_prime_factorization,cpp,4,1791502592011660281,1791502593131763029,1120.103
28_prime_factorization,cpp,5,1791502593131763781,1791502594251098278,1119.334
28_prime_factorization,cpp,6,1791502594251100322,1791502595372599152,1121.499
28_prime_factorization,cpp,7,1791502595372600585,1791502596491528406,1118.928
28_prime_factorization,cpp,8,1791502596491529037,1791502597610588234,1119.059
28_prime_factorization,cpp,9,1791502597610588985,1791502598729246429,1118.657
28_prime_factorization,cpp,10,1791502598729248974,1791502599848235677,1118.987
28_prime_factorization,rust,1,1791502600818868571,1791502601789041105,970.173
28_prime_factorization,rust,2,1791502601789042067,1791502602759004498,969.962
28_prime_factorization,rust,3,1791502602759005119,1791502603729645592,970.640
28_prime_factorization,rust,4,1791502603729646343,1791502604699762442,970.116
28_prime_factorization,rust,5,1791502604699763164,1791502605669979020,970.216
28_prime_factorization,rust,6,1791502605669981625,1791502606640813906,970.832
28_prime_factorization,rust,7,1791502606640814568,1791502607610924979,970.110
28_prime_factorization,rust,8,1791502607610925600,1791502608581468324,970.543
28_prime_factorization,rust,9,1791502608581468945,1791502609552807830,971.339
28_prime_factorization,rust,10,1791502609552810075,1791502610523365923,970.556
28_prime_factorization,go,1,1791502611631763668,1791502612739103681,1107.340
28_prime_factorization,go,2,1791502612739104793,1791502613846089525,1106.985
28_prime_factorization,go,3,1791502613846090436,1791502614953264434,1107.174
28_prime_factorization,go,4,1791502614953265746,1791502616061702760,1108.437
28_prime_factorization,go,5,1791502616061703952,1791502617170687563,1108.984
28_prime_factorization,go,6,1791502617170689997,1791502618277080908,1106.391
28_prime_factorization,go,7,1791502618277081739,1791502619384320885,1107.239
28_prime_factorization,go,8,1791502619384321916,1791502620493380217,1109.058
28_prime_factorization,go,9,1791502620493381059,1791502621601294138,1107.913
28_prime_factorization,go,10,1791502621601298927,1791502622709691419,1108.392
28_prime_factorization,salam_llvm,1,1791502623679711052,1791502624648357126,968.646
28_prime_factorization,salam_llvm,2,1791502624648358658,1791502625617055714,968.697
28_prime_factorization,salam_llvm,3,1791502625617056656,1791502626585615916,968.559
28_prime_factorization,salam_llvm,4,1791502626585616798,1791502627553759618,968.143
28_prime_factorization,salam_llvm,5,1791502627553760409,1791502628522041899,968.281
28_prime_factorization,salam_llvm,6,1791502628522051197,1791502629505122212,983.071
28_prime_factorization,salam_llvm,7,1791502629505123064,1791502630473271845,968.149
28_prime_factorization,salam_llvm,8,1791502630473272666,1791502631441671454,968.399
28_prime_factorization,salam_llvm,9,1791502631441672306,1791502632411086261,969.414
28_prime_factorization,salam_llvm,10,1791502632411089046,1791502633381372934,970.284
28_prime_factorization,salam_gcc,1,1791502634502494733,1791502635620747603,1118.253
28_prime_factorization,salam_gcc,2,1791502635620748966,1791502636738800159,1118.051
28_prime_factorization,salam_gcc,3,1791502636738801281,1791502637856683207,1117.882
28_prime_factorization,salam_gcc,4,1791502637856684019,1791502638975003024,1118.319
28_prime_factorization,salam_gcc,5,1791502638975003805,1791502640093655857,1118.652
28_prime_factorization,salam_gcc,6,1791502640093658342,1791502641212003329,1118.345
28_prime_factorization,salam_gcc,7,1791502641212004712,1791502642330000965,1117.996
28_prime_factorization,salam_gcc,8,1791502642330001857,1791502643448699001,1118.697
28_prime_factorization,salam_gcc,9,1791502643448699813,1791502644581567482,1132.868
28_prime_factorization,salam_gcc,10,1791502644581570558,1791502645700621721,1119.051
28_prime_factorization,salam_tcc,1,1791502646672005631,1791502647642869222,970.864
28_prime_factorization,salam_tcc,2,1791502647642870574,1791502648616185235,973.315
28_prime_factorization,salam_tcc,3,1791502648616186057,1791502649587475161,971.289
28_prime_factorization,salam_tcc,4,1791502649587475952,1791502650558245372,970.769
28_prime_factorization,salam_tcc,5,1791502650558246243,1791502651531510289,973.264
28_prime_factorization,salam_tcc,6,1791502651531512283,1791502652501812210,970.300
28_prime_factorization,salam_tcc,7,1791502652501813473,1791502653473693855,971.880
28_prime_factorization,salam_tcc,8,1791502653473694656,1791502654444234946,970.540
28_prime_factorization,salam_tcc,9,1791502654444235768,1791502655414598915,970.363
28_prime_factorization,salam_tcc,10,1791502655414601420,1791502656384915322,970.314
28_prime_factorization,php,1,1791502662194888770,1791502668152650052,5957.761
28_prime_factorization,php,2,1791502668152651505,1791502674076584112,5923.933
28_prime_factorization,php,3,1791502674076584773,1791502679927428055,5850.843
28_prime_factorization,php,4,1791502679927428686,1791502686179232156,6251.803
28_prime_factorization,php,5,1791502686179233078,1791502692046593278,5867.360
28_prime_factorization,php,6,1791502692046595202,1791502697930301815,5883.707
28_prime_factorization,php,7,1791502697930302446,1791502703731277281,5800.975
28_prime_factorization,php,8,1791502703731277912,1791502709551273379,5819.995
28_prime_factorization,php,9,1791502709551274060,1791502715364914097,5813.640
28_prime_factorization,php,10,1791502715364916692,1791502721162901842,5797.985
28_prime_factorization,python,1,1791502795561703271,1791502864988027205,69426.324
28_prime_factorization,python,2,1791502864988028708,1791502935425576452,70437.548
28_prime_factorization,python,3,1791502935425577204,1791503005579328899,70153.752
28_prime_factorization,python,4,1791503005579329580,1791503075893322436,70313.993
28_prime_factorization,python,5,1791503075893323057,1791503146423957464,70530.634
28_prime_factorization,python,6,1791503146423959327,1791503215936821824,69512.862
28_prime_factorization,python,7,1791503215936822475,1791503287765375336,71828.553
28_prime_factorization,python,8,1791503287765375987,1791503357483972088,69718.596
28_prime_factorization,python,9,1791503357483973010,1791503430339087887,72855.115
28_prime_factorization,python,10,1791503430339090261,1791503503265975937,72926.886
29_dot_product,c,1,1791503511930128687,1791503511970282985,40.154
29_dot_product,c,2,1791503511970284337,1791503512010395524,40.111
29_dot_product,c,3,1791503512010396556,1791503512050649549,40.253
29_dot_product,c,4,1791503512050650801,1791503512090796212,40.145
29_dot_product,c,5,1791503512090797164,1791503512131060196,40.263
29_dot_product,c,6,1791503512131062490,1791503512171157377,40.095
29_dot_product,c,7,1791503512171158388,1791503512211264697,40.106
29_dot_product,c,8,1791503512211266170,1791503512251355257,40.089
29_dot_product,c,9,1791503512251356219,1791503512291315826,39.960
29_dot_product,c,10,1791503512291318571,1791503512331341116,40.023
29_dot_product,cpp,1,1791503512372813432,1791503512414023191,41.210
29_dot_product,cpp,2,1791503512414026097,1791503512455524566,41.498
29_dot_product,cpp,3,1791503512455525208,1791503512496792615,41.267
29_dot_product,cpp,4,1791503512496793256,1791503512538123621,41.330
29_dot_product,cpp,5,1791503512538124903,1791503512579400626,41.276
29_dot_product,cpp,6,1791503512579402981,1791503512621366071,41.963
29_dot_product,cpp,7,1791503512621366712,1791503512663000676,41.634
29_dot_product,cpp,8,1791503512663001287,1791503512704448200,41.447
29_dot_product,cpp,9,1791503512704449112,1791503512745776371,41.327
29_dot_product,cpp,10,1791503512745778856,1791503512787151540,41.373
29_dot_product,rust,1,1791503512830847357,1791503512874325695,43.478
29_dot_product,rust,2,1791503512874326587,1791503512917774890,43.448
29_dot_product,rust,3,1791503512917775501,1791503512961168991,43.393
29_dot_product,rust,4,1791503512961169732,1791503513004736006,43.566
29_dot_product,rust,5,1791503513004736627,1791503513048126871,43.390
29_dot_product,rust,6,1791503513048128524,1791503513091500524,43.372
29_dot_product,rust,7,1791503513091501235,1791503513134886059,43.385
29_dot_product,rust,8,1791503513134886690,1791503513178302722,43.416
29_dot_product,rust,9,1791503513178303574,1791503513221722862,43.419
29_dot_product,rust,10,1791503513221725366,1791503513265164462,43.439
29_dot_product,go,1,1791503513309099602,1791503513352565287,43.466
29_dot_product,go,2,1791503513352566479,1791503513396061384,43.495
29_dot_product,go,3,1791503513396062286,1791503513439578746,43.516
29_dot_product,go,4,1791503513439579728,1791503513483094715,43.515
29_dot_product,go,5,1791503513483095687,1791503513526796873,43.701
29_dot_product,go,6,1791503513526801181,1791503513570184903,43.384
29_dot_product,go,7,1791503513570185744,1791503513613456936,43.271
29_dot_product,go,8,1791503513613457997,1791503513657070317,43.612
29_dot_product,go,9,1791503513657071109,1791503513700667088,43.596
29_dot_product,go,10,1791503513700670194,1791503513744387230,43.717
29_dot_product,salam_llvm,1,1791503513787806884,1791503513831210293,43.403
29_dot_product,salam_llvm,2,1791503513831211665,1791503513874445145,43.233
29_dot_product,salam_llvm,3,1791503513874446107,1791503513917768764,43.323
29_dot_product,salam_llvm,4,1791503513917769826,1791503513961104426,43.335
29_dot_product,salam_llvm,5,1791503513961105398,1791503514004379584,43.274
29_dot_product,salam_llvm,6,1791503514004381858,1791503514047600110,43.218
29_dot_product,salam_llvm,7,1791503514047601072,1791503514090778307,43.177
29_dot_product,salam_llvm,8,1791503514090779379,1791503514134311268,43.532
29_dot_product,salam_llvm,9,1791503514134312280,1791503514177585865,43.274
29_dot_product,salam_llvm,10,1791503514177588390,1791503514220990836,43.402
29_dot_product,salam_gcc,1,1791503514261592451,1791503514301869172,40.277
29_dot_product,salam_gcc,2,1791503514301871567,1791503514342092814,40.221
29_dot_product,salam_gcc,3,1791503514342093606,1791503514382313200,40.220
29_dot_product,salam_gcc,4,1791503514382314101,1791503514422454157,40.140
29_dot_product,salam_gcc,5,1791503514422454958,1791503514462725878,40.271
29_dot_product,salam_gcc,6,1791503514462729636,1791503514502792857,40.063
29_dot_product,salam_gcc,7,1791503514502793669,1791503514542840529,40.047
29_dot_product,salam_gcc,8,1791503514542841320,1791503514582973752,40.132
29_dot_product,salam_gcc,9,1791503514582974543,1791503514622991297,40.017
29_dot_product,salam_gcc,10,1791503514622994123,1791503514663053016,40.059
29_dot_product,salam_tcc,1,1791503514706722370,1791503514749761336,43.039
29_dot_product,salam_tcc,2,1791503514749762568,1791503514791360214,41.598
29_dot_product,salam_tcc,3,1791503514791361065,1791503514832840380,41.479
29_dot_product,salam_tcc,4,1791503514832841512,1791503514874620217,41.779
29_dot_product,salam_tcc,5,1791503514874621018,1791503514915977452,41.356
29_dot_product,salam_tcc,6,1791503514915979355,1791503514957700002,41.721
29_dot_product,salam_tcc,7,1791503514957700803,1791503514999107592,41.407
29_dot_product,salam_tcc,8,1791503514999108393,1791503515040808521,41.700
29_dot_product,salam_tcc,9,1791503515040809332,1791503515082181676,41.372
29_dot_product,salam_tcc,10,1791503515082184201,1791503515123973646,41.789
29_dot_product,php,1,1791503515406006464,1791503515688273089,282.267
29_dot_product,php,2,1791503515688274462,1791503515975983864,287.709
29_dot_product,php,3,1791503515975984475,1791503516257332360,281.348
29_dot_product,php,4,1791503516257332991,1791503516554375136,297.042
29_dot_product,php,5,1791503516554375768,1791503516836398657,282.023
29_dot_product,php,6,1791503516836402204,1791503517118435382,282.033
29_dot_product,php,7,1791503517118436134,1791503517405101811,286.666
29_dot_product,php,8,1791503517405102462,1791503517687033669,281.931
29_dot_product,php,9,1791503517687034310,1791503517968988371,281.954
29_dot_product,php,10,1791503517968991166,1791503518252540676,283.550
29_dot_product,python,1,1791503522006833770,1791503525773046393,3766.213
29_dot_product,python,2,1791503525773047314,1791503529756678650,3983.631
29_dot_product,python,3,1791503529756679812,1791503533590529188,3833.849
29_dot_product,python,4,1791503533590530190,1791503537320539729,3730.010
29_dot_product,python,5,1791503537320540371,1791503541101788414,3781.248
29_dot_product,python,6,1791503541101790448,1791503544874827885,3773.037
29_dot_product,python,7,1791503544874828817,1791503548765120210,3890.291
29_dot_product,python,8,1791503548765120831,1791503552557904119,3792.783
29_dot_product,python,9,1791503552557904810,1791503556434248427,3876.344
29_dot_product,python,10,1791503556434251172,1791503560429703388,3995.452
30_heap_sort,c,1,1791503567042686487,1791503567080073242,37.387
30_heap_sort,c,2,1791503567080074794,1791503567117271123,37.196
30_heap_sort,c,3,1791503567117272475,1791503567154383122,37.111
30_heap_sort,c,4,1791503567154384365,1791503567191469865,37.086
30_heap_sort,c,5,1791503567191470867,1791503567228734210,37.263
30_heap_sort,c,6,1791503567228736084,1791503567266038541,37.302
30_heap_sort,c,7,1791503567266039643,1791503567303107961,37.068
30_heap_sort,c,8,1791503567303108943,1791503567340267770,37.159
30_heap_sort,c,9,1791503567340268842,1791503567377328114,37.059
30_heap_sort,c,10,1791503567377330137,1791503567414265366,36.935
30_heap_sort,cpp,1,1791503567451480369,1791503567488542245,37.062
30_heap_sort,cpp,2,1791503567488543488,1791503567525709899,37.166
30_heap_sort,cpp,3,1791503567525710591,1791503567562571891,36.861
30_heap_sort,cpp,4,1791503567562572772,1791503567599435195,36.862
30_heap_sort,cpp,5,1791503567599435876,1791503567636282459,36.847
30_heap_sort,cpp,6,1791503567636284433,1791503567673429054,37.145
30_heap_sort,cpp,7,1791503567673430086,1791503567710395231,36.965
30_heap_sort,cpp,8,1791503567710396152,1791503567747599784,37.204
30_heap_sort,cpp,9,1791503567747600595,1791503567784564558,36.964
30_heap_sort,cpp,10,1791503567784566572,1791503567821683882,37.117
30_heap_sort,rust,1,1791503567862911451,1791503567903557932,40.646
30_heap_sort,rust,2,1791503567903560276,1791503567942858933,39.299
30_heap_sort,rust,3,1791503567942859654,1791503567983741065,40.881
30_heap_sort,rust,4,1791503567983741716,1791503568024335358,40.594
30_heap_sort,rust,5,1791503568024336169,1791503568064917128,40.581
30_heap_sort,rust,6,1791503568064919933,1791503568105558579,40.639
30_heap_sort,rust,7,1791503568105559260,1791503568146004604,40.445
30_heap_sort,rust,8,1791503568146005286,1791503568186405365,40.400
30_heap_sort,rust,9,1791503568186406547,1791503568227440995,41.034
30_heap_sort,rust,10,1791503568227442929,1791503568268470784,41.028
30_heap_sort,go,1,1791503568316848137,1791503568364573830,47.726
30_heap_sort,go,2,1791503568364575514,1791503568412309743,47.734
30_heap_sort,go,3,1791503568412311065,1791503568459365571,47.055
30_heap_sort,go,4,1791503568459366734,1791503568507178113,47.811
30_heap_sort,go,5,1791503568507179095,1791503568554418362,47.239
30_heap_sort,go,6,1791503568554429533,1791503568602176636,47.747
30_heap_sort,go,7,1791503568602178169,1791503568649518927,47.341
30_heap_sort,go,8,1791503568649520219,1791503568697223421,47.703
30_heap_sort,go,9,1791503568697224372,1791503568744793533,47.569
30_heap_sort,go,10,1791503568744795767,1791503568792069794,47.274
30_heap_sort,salam_llvm,1,1791503568827179144,1791503568861814706,34.636
30_heap_sort,salam_llvm,2,1791503568861816168,1791503568897953103,36.137
30_heap_sort,salam_llvm,3,1791503568897954094,1791503568933841662,35.888
30_heap_sort,salam_llvm,4,1791503568933842754,1791503568969802907,35.960
30_heap_sort,salam_llvm,5,1791503568969804109,1791503569006065757,36.262
30_heap_sort,salam_llvm,6,1791503569006067992,1791503569040943914,34.876
30_heap_sort,salam_llvm,7,1791503569040944966,1791503569077143546,36.199
30_heap_sort,salam_llvm,8,1791503569077144838,1791503569113093140,35.948
30_heap_sort,salam_llvm,9,1791503569113094582,1791503569149229934,36.135
30_heap_sort,salam_llvm,10,1791503569149232639,1791503569185330280,36.098
30_heap_sort,salam_gcc,1,1791503569222722002,1791503569260132763,37.411
30_heap_sort,salam_gcc,2,1791503569260134065,1791503569297253821,37.120
30_heap_sort,salam_gcc,3,1791503569297254472,1791503569333750963,36.496
30_heap_sort,salam_gcc,4,1791503569333751774,1791503569371139291,37.388
30_heap_sort,salam_gcc,5,1791503569371140103,1791503569408142579,37.002
30_heap_sort,salam_gcc,6,1791503569408157096,1791503569445199096,37.042
30_heap_sort,salam_gcc,7,1791503569445199727,1791503569482365819,37.166
30_heap_sort,salam_gcc,8,1791503569482366621,1791503569519873181,37.507
30_heap_sort,salam_gcc,9,1791503569519874013,1791503569557239208,37.365
30_heap_sort,salam_gcc,10,1791503569557241582,1791503569594281368,37.040
30_heap_sort,salam_tcc,1,1791503569633348755,1791503569672120825,38.772
30_heap_sort,salam_tcc,2,1791503569672122268,1791503569710922852,38.801
30_heap_sort,salam_tcc,3,1791503569710923514,1791503569749786825,38.863
30_heap_sort,salam_tcc,4,1791503569749787937,1791503569788407813,38.620
30_heap_sort,salam_tcc,5,1791503569788408444,1791503569825742942,37.334
30_heap_sort,salam_tcc,6,1791503569825745387,1791503569864678800,38.933
30_heap_sort,salam_tcc,7,1791503569864679862,1791503569903451772,38.772
30_heap_sort,salam_tcc,8,1791503569903452393,1791503569942068853,38.616
30_heap_sort,salam_tcc,9,1791503569942069524,1791503569980778326,38.709
30_heap_sort,salam_tcc,10,1791503569980780200,1791503570019530931,38.751
30_heap_sort,php,1,1791503570664208981,1791503571296091312,631.882
30_heap_sort,php,2,1791503571296092594,1791503571930690682,634.598
30_heap_sort,php,3,1791503571930691333,1791503572563942458,633.251
30_heap_sort,php,4,1791503572563943079,1791503573205204937,641.262
30_heap_sort,php,5,1791503573205205829,1791503573834973598,629.768
30_heap_sort,php,6,1791503573834975552,1791503574463959683,628.984
30_heap_sort,php,7,1791503574463960395,1791503575096578714,632.618
30_heap_sort,php,8,1791503575096579706,1791503575741992543,645.413
30_heap_sort,php,9,1791503575741993454,1791503576393173948,651.180
30_heap_sort,php,10,1791503576393176062,1791503577055159175,661.983
30_heap_sort,python,1,1791503578530376462,1791503580007770225,1477.394
30_heap_sort,python,2,1791503580007771607,1791503581499015596,1491.244
30_heap_sort,python,3,1791503581499016337,1791503583030647661,1531.631
30_heap_sort,python,4,1791503583030648563,1791503584553803984,1523.155
30_heap_sort,python,5,1791503584553804866,1791503586144201391,1590.397
30_heap_sort,python,6,1791503586144203405,1791503587719456282,1575.253
30_heap_sort,python,7,1791503587719457133,1791503589275255014,1555.798
30_heap_sort,python,8,1791503589275256096,1791503590761796505,1486.540
30_heap_sort,python,9,1791503590761797507,1791503592290572094,1528.775
30_heap_sort,python,10,1791503592290574228,1791503593738025698,1447.451
31_binary_search_stress,c,1,1791503648008945007,1791503648901962187,893.017
31_binary_search_stress,c,2,1791503648901963199,1791503649791407570,889.444
31_binary_search_stress,c,3,1791503649791408221,1791503650681415637,890.007
31_binary_search_stress,c,4,1791503650681416268,1791503651587652125,906.236
31_binary_search_stress,c,5,1791503651587653759,1791503652520387005,932.733
31_binary_search_stress,c,6,1791503652520389640,1791503653468319434,947.930
31_binary_search_stress,c,7,1791503653468320336,1791503654362831519,894.511
31_binary_search_stress,c,8,1791503654362832160,1791503655291380647,928.548
31_binary_search_stress,c,9,1791503655291381328,1791503656227522466,936.141
31_binary_search_stress,c,10,1791503656227525191,1791503657123574820,896.050
31_binary_search_stress,cpp,1,1791503658043274975,1791503658978819737,935.545
31_binary_search_stress,cpp,2,1791503658978820779,1791503659881847617,903.027
31_binary_search_stress,cpp,3,1791503659881848248,1791503660817922892,936.075
31_binary_search_stress,cpp,4,1791503660817923523,1791503661766383903,948.460
31_binary_search_stress,cpp,5,1791503661766385065,1791503662722235409,955.850
31_binary_search_stress,cpp,6,1791503662722237253,1791503663689044525,966.807
31_binary_search_stress,cpp,7,1791503663689045196,1791503664647352381,958.307
31_binary_search_stress,cpp,8,1791503664647353013,1791503665598810792,951.458
31_binary_search_stress,cpp,9,1791503665598811424,1791503666526464769,927.653
31_binary_search_stress,cpp,10,1791503666526467384,1791503667470635478,944.168
31_binary_search_stress,rust,1,1791503668444071000,1791503669629949055,1185.878
31_binary_search_stress,rust,2,1791503669629950117,1791503670921443569,1291.493
31_binary_search_stress,rust,3,1791503670921444210,1791503671910272989,988.829
31_binary_search_stress,rust,4,1791503671910274031,1791503672962661629,1052.388
31_binary_search_stress,rust,5,1791503672962662260,1791503674224179482,1261.517
31_binary_search_stress,rust,6,1791503674224182067,1791503675133513275,909.331
31_binary_search_stress,rust,7,1791503675133514196,1791503676155321771,1021.808
31_binary_search_stress,rust,8,1791503676155322422,1791503677161699134,1006.377
31_binary_search_stress,rust,9,1791503677161699766,1791503678031722995,870.023
31_binary_search_stress,rust,10,1791503678031725229,1791503678836641708,804.916
31_binary_search_stress,go,1,1791503679702217996,1791503680577335106,875.117
31_binary_search_stress,go,2,1791503680577336178,1791503681441843863,864.508
31_binary_search_stress,go,3,1791503681441844675,1791503682306067667,864.223
31_binary_search_stress,go,4,1791503682306068368,1791503683178327338,872.259
31_binary_search_stress,go,5,1791503683178328220,1791503684041139627,862.811
31_binary_search_stress,go,6,1791503684041141992,1791503684910859097,869.717
31_binary_search_stress,go,7,1791503684910860058,1791503685788248591,877.389
31_binary_search_stress,go,8,1791503685788249854,1791503686665335082,877.085
31_binary_search_stress,go,9,1791503686665335903,1791503687529576258,864.240
31_binary_search_stress,go,10,1791503687529578923,1791503688390003489,860.425
31_binary_search_stress,salam_llvm,1,1791503689220786665,1791503690048859666,828.073
31_binary_search_stress,salam_llvm,2,1791503690048860548,1791503690882398426,833.538
31_binary_search_stress,salam_llvm,3,1791503690882399197,1791503691714987597,832.588
31_binary_search_stress,salam_llvm,4,1791503691714988599,1791503692554859021,839.870
31_binary_search_stress,salam_llvm,5,1791503692554859713,1791503693383726631,828.867
31_binary_search_stress,salam_llvm,6,1791503693383728404,1791503694215682827,831.954
31_binary_search_stress,salam_llvm,7,1791503694215683528,1791503695045001401,829.318
31_binary_search_stress,salam_llvm,8,1791503695045002253,1791503695852453822,807.452
31_binary_search_stress,salam_llvm,9,1791503695852454524,1791503696688428030,835.974
31_binary_search_stress,salam_llvm,10,1791503696688430123,1791503697517595523,829.165
31_binary_search_stress,salam_gcc,1,1791503698489376161,1791503699452760123,963.384
31_binary_search_stress,salam_gcc,2,1791503699452762648,1791503700426503608,973.741
31_binary_search_stress,salam_gcc,3,1791503700426504480,1791503701390933965,964.429
31_binary_search_stress,salam_gcc,4,1791503701390934827,1791503702370950403,980.016
31_binary_search_stress,salam_gcc,5,1791503702370951214,1791503703333804546,962.853
31_binary_search_stress,salam_gcc,6,1791503703333807121,1791503704300610855,966.804
31_binary_search_stress,salam_gcc,7,1791503704300611677,1791503705268718841,968.107
31_binary_search_stress,salam_gcc,8,1791503705268719422,1791503706228936300,960.217
31_binary_search_stress,salam_gcc,9,1791503706228937071,1791503707197525173,968.588
31_binary_search_stress,salam_gcc,10,1791503707197527568,1791503708164075327,966.548
31_binary_search_stress,salam_tcc,1,1791503709082117696,1791503709983801915,901.684
31_binary_search_stress,salam_tcc,2,1791503709983803067,1791503710891573729,907.771
31_binary_search_stress,salam_tcc,3,1791503710891574601,1791503711803940462,912.366
31_binary_search_stress,salam_tcc,4,1791503711803941654,1791503712713716091,909.774
31_binary_search_stress,salam_tcc,5,1791503712713716952,1791503713625696785,911.980
31_binary_search_stress,salam_tcc,6,1791503713625698819,1791503714546716803,921.018
31_binary_search_stress,salam_tcc,7,1791503714546717785,1791503715450878399,904.161
31_binary_search_stress,salam_tcc,8,1791503715450879180,1791503716364185227,913.306
31_binary_search_stress,salam_tcc,9,1791503716364186089,1791503717278286181,914.100
31_binary_search_stress,salam_tcc,10,1791503717278288375,1791503718199177377,920.889
31_binary_search_stress,php,1,1791503724250728065,1791503730081020251,5830.292
31_binary_search_stress,php,2,1791503730081021243,1791503735239344344,5158.323
31_binary_search_stress,php,3,1791503735239345577,1791503740459956043,5220.610
31_binary_search_stress,php,4,1791503740459956664,1791503745830800220,5370.844
31_binary_search_stress,php,5,1791503745830801322,1791503751081076350,5250.275
31_binary_search_stress,php,6,1791503751081078224,1791503756670885517,5589.807
31_binary_search_stress,php,7,1791503756670886419,1791503762193362043,5522.476
31_binary_search_stress,php,8,1791503762193362734,1791503767370059945,5176.697
31_binary_search_stress,php,9,1791503767370061057,1791503772701794067,5331.733
31_binary_search_stress,php,10,1791503772701796162,1791503778202577842,5500.782
31_binary_search_stress,python,1,1791503808548698930,1791503840022882555,31474.184
31_binary_search_stress,python,2,1791503840022899016,1791503873229848308,33206.949
31_binary_search_stress,python,3,1791503873229849240,1791503906668796818,33438.948
31_binary_search_stress,python,4,1791503906668797639,1791503940660700463,33991.903
31_binary_search_stress,python,5,1791503940660701294,1791503971864912388,31204.211
31_binary_search_stress,python,6,1791503971864930943,1791504006553034836,34688.104
31_binary_search_stress,python,7,1791504006553035677,1791504038294130088,31741.094
31_binary_search_stress,python,8,1791504038294130910,1791504070794442519,32500.312
31_binary_search_stress,python,9,1791504070794443591,1791504103567035102,32772.592
31_binary_search_stress,python,10,1791504103567037506,1791504133556649403,29989.612
32_longest_increasing_subsequence,c,1,1791504140882302159,1791504140898151271,15.849
32_longest_increasing_subsequence,c,2,1791504140898151862,1791504140914611829,16.460
32_longest_increasing_subsequence,c,3,1791504140914612300,1791504140930376363,15.764
32_longest_increasing_subsequence,c,4,1791504140930376814,1791504140946325592,15.949
32_longest_increasing_subsequence,c,5,1791504140946326064,1791504140962440994,16.115
32_longest_increasing_subsequence,c,6,1791504140962441916,1791504140978342735,15.901
32_longest_increasing_subsequence,c,7,1791504140978343166,1791504140994548145,16.205
32_longest_increasing_subsequence,c,8,1791504140994548766,1791504141011066080,16.517
32_longest_increasing_subsequence,c,9,1791504141011066541,1791504141027585167,16.519
32_longest_increasing_subsequence,c,10,1791504141027586299,1791504141044125705,16.539
32_longest_increasing_subsequence,cpp,1,1791504141061201265,1791504141078759229,17.558
32_longest_increasing_subsequence,cpp,2,1791504141078759940,1791504141095552930,16.793
32_longest_increasing_subsequence,cpp,3,1791504141095553391,1791504141112290227,16.737
32_longest_increasing_subsequence,cpp,4,1791504141112290688,1791504141129372109,17.081
32_longest_increasing_subsequence,cpp,5,1791504141129372579,1791504141146384490,17.012
32_longest_increasing_subsequence,cpp,6,1791504141146386123,1791504141162755660,16.370
32_longest_increasing_subsequence,cpp,7,1791504141162756191,1791504141179249881,16.494
32_longest_increasing_subsequence,cpp,8,1791504141179250342,1791504141196318919,17.069
32_longest_increasing_subsequence,cpp,9,1791504141196319370,1791504141213176891,16.858
32_longest_increasing_subsequence,cpp,10,1791504141213178214,1791504141230152354,16.974
32_longest_increasing_subsequence,rust,1,1791504141243020992,1791504141255839156,12.818
32_longest_increasing_subsequence,rust,2,1791504141255839758,1791504141268094205,12.254
32_longest_increasing_subsequence,rust,3,1791504141268094676,1791504141280251762,12.157
32_longest_increasing_subsequence,rust,4,1791504141280252202,1791504141292445666,12.193
32_longest_increasing_subsequence,rust,5,1791504141292446157,1791504141304453141,12.007
32_longest_increasing_subsequence,rust,6,1791504141304454113,1791504141316449055,11.995
32_longest_increasing_subsequence,rust,7,1791504141316449496,1791504141328318983,11.869
32_longest_increasing_subsequence,rust,8,1791504141328319464,1791504141340178921,11.859
32_longest_increasing_subsequence,rust,9,1791504141340179352,1791504141352063376,11.884
32_longest_increasing_subsequence,rust,10,1791504141352064508,1791504141364006902,11.942
32_longest_increasing_subsequence,go,1,1791504141384603686,1791504141404389814,19.786
32_longest_increasing_subsequence,go,2,1791504141404390836,1791504141424222021,19.831
32_longest_increasing_subsequence,go,3,1791504141424222532,1791504141443350496,19.128
32_longest_increasing_subsequence,go,4,1791504141443350997,1791504141462380098,19.029
32_longest_increasing_subsequence,go,5,1791504141462380598,1791504141482043576,19.663
32_longest_increasing_subsequence,go,6,1791504141482044658,1791504141500878128,18.833
32_longest_increasing_subsequence,go,7,1791504141500878640,1791504141520811104,19.932
32_longest_increasing_subsequence,go,8,1791504141520811715,1791504141540651872,19.840
32_longest_increasing_subsequence,go,9,1791504141540652383,1791504141560570077,19.918
32_longest_increasing_subsequence,go,10,1791504141560571270,1791504141579608828,19.038
32_longest_increasing_subsequence,salam_llvm,1,1791504141591950394,1791504141603720996,11.771
32_longest_increasing_subsequence,salam_llvm,2,1791504141603721998,1791504141616072055,12.350
32_longest_increasing_subsequence,salam_llvm,3,1791504141616072516,1791504141628441498,12.369
32_longest_increasing_subsequence,salam_llvm,4,1791504141628441949,1791504141640309983,11.868
32_longest_increasing_subsequence,salam_llvm,5,1791504141640310454,1791504141652188486,11.878
32_longest_increasing_subsequence,salam_llvm,6,1791504141652189669,1791504141663838692,11.649
32_longest_increasing_subsequence,salam_llvm,7,1791504141663839143,1791504141675540615,11.701
32_longest_increasing_subsequence,salam_llvm,8,1791504141675541096,1791504141687434758,11.894
32_longest_increasing_subsequence,salam_llvm,9,1791504141687435229,1791504141699317991,11.883
32_longest_increasing_subsequence,salam_llvm,10,1791504141699319493,1791504141711403702,12.084
32_longest_increasing_subsequence,salam_gcc,1,1791504141729186835,1791504141747394376,18.208
32_longest_increasing_subsequence,salam_gcc,2,1791504141747395047,1791504141764912696,17.518
32_longest_increasing_subsequence,salam_gcc,3,1791504141764913176,1791504141782169154,17.256
32_longest_increasing_subsequence,salam_gcc,4,1791504141782169726,1791504141799413761,17.244
32_longest_increasing_subsequence,salam_gcc,5,1791504141799414252,1791504141816637028,17.223
32_longest_increasing_subsequence,salam_gcc,6,1791504141816638180,1791504141833838514,17.200
32_longest_increasing_subsequence,salam_gcc,7,1791504141833839005,1791504141851149745,17.311
32_longest_increasing_subsequence,salam_gcc,8,1791504141851150196,1791504141868662945,17.513
32_longest_increasing_subsequence,salam_gcc,9,1791504141868663406,1791504141885894648,17.231
32_longest_increasing_subsequence,salam_gcc,10,1791504141885896130,1791504141903166555,17.270
32_longest_increasing_subsequence,salam_tcc,1,1791504141916870729,1791504141930374207,13.503
32_longest_increasing_subsequence,salam_tcc,2,1791504141930374838,1791504141943749625,13.375
32_longest_increasing_subsequence,salam_tcc,3,1791504141943750206,1791504141956925429,13.175
32_longest_increasing_subsequence,salam_tcc,4,1791504141956925890,1791504141970370958,13.445
32_longest_increasing_subsequence,salam_tcc,5,1791504141970371409,1791504141983632573,13.261
32_longest_increasing_subsequence,salam_tcc,6,1791504141983634176,1791504141996929795,13.296
32_longest_increasing_subsequence,salam_tcc,7,1791504141996930255,1791504142010410129,13.480
32_longest_increasing_subsequence,salam_tcc,8,1791504142010410630,1791504142023842173,13.432
32_longest_increasing_subsequence,salam_tcc,9,1791504142023842654,1791504142037128975,13.286
32_longest_increasing_subsequence,salam_tcc,10,1791504142037131320,1791504142050565588,13.434
32_longest_increasing_subsequence,php,1,1791504142364372387,1791504142678303033,313.931
32_longest_increasing_subsequence,php,2,1791504142678304656,1791504142992068197,313.764
32_longest_increasing_subsequence,php,3,1791504142992069149,1791504143305366491,313.297
32_longest_increasing_subsequence,php,4,1791504143305367523,1791504143620062463,314.695
32_longest_increasing_subsequence,php,5,1791504143620063365,1791504143933695304,313.632
32_longest_increasing_subsequence,php,6,1791504143933702738,1791504144247339005,313.636
32_longest_increasing_subsequence,php,7,1791504144247339927,1791504144561030406,313.690
32_longest_increasing_subsequence,php,8,1791504144561031458,1791504144874960594,313.929
32_longest_increasing_subsequence,php,9,1791504144874961506,1791504145188689603,313.728
32_longest_increasing_subsequence,php,10,1791504145188693189,1791504145502223348,313.530
32_longest_increasing_subsequence,python,1,1791504147936846769,1791504150334409756,2397.563
32_longest_increasing_subsequence,python,2,1791504150334411189,1791504152719767217,2385.356
32_longest_increasing_subsequence,python,3,1791504152719768088,1791504155163366772,2443.599
32_longest_increasing_subsequence,python,4,1791504155163367583,1791504157535821321,2372.454
32_longest_increasing_subsequence,python,5,1791504157535822152,1791504159968231260,2432.409
32_longest_increasing_subsequence,python,6,1791504159968233695,1791504162391480173,2423.246
32_longest_increasing_subsequence,python,7,1791504162391481035,1791504164756783806,2365.303
32_longest_increasing_subsequence,python,8,1791504164756784908,1791504167286232092,2529.447
32_longest_increasing_subsequence,python,9,1791504167286233003,1791504169818282433,2532.049
32_longest_increasing_subsequence,python,10,1791504169818284878,1791504172225900956,2407.616
33_subset_sum_reachability,c,1,1791504181135477773,1791504181155870154,20.392
33_subset_sum_reachability,c,2,1791504181155871236,1791504181175210897,19.340
33_subset_sum_reachability,c,3,1791504181175211618,1791504181195909632,20.698
33_subset_sum_reachability,c,4,1791504181195910253,1791504181216062876,20.153
33_subset_sum_reachability,c,5,1791504181216063567,1791504181236543983,20.480
33_subset_sum_reachability,c,6,1791504181236545275,1791504181257120369,20.575
33_subset_sum_reachability,c,7,1791504181257120970,1791504181277182953,20.062
33_subset_sum_reachability,c,8,1791504181277183624,1791504181296879522,19.696
33_subset_sum_reachability,c,9,1791504181296880133,1791504181316848190,19.968
33_subset_sum_reachability,c,10,1791504181316849503,1791504181337186059,20.337
33_subset_sum_reachability,cpp,1,1791504181358722341,1791504181380582178,21.860
33_subset_sum_reachability,cpp,2,1791504181380582710,1791504181401777432,21.195
33_subset_sum_reachability,cpp,3,1791504181401777823,1791504181422197756,20.420
33_subset_sum_reachability,cpp,4,1791504181422198136,1791504181442852248,20.654
33_subset_sum_reachability,cpp,5,1791504181442852648,1791504181464080283,21.228
33_subset_sum_reachability,cpp,6,1791504181464081225,1791504181484717262,20.636
33_subset_sum_reachability,cpp,7,1791504181484717643,1791504181505954284,21.237
33_subset_sum_reachability,cpp,8,1791504181505954664,1791504181526630967,20.676
33_subset_sum_reachability,cpp,9,1791504181526631368,1791504181547219776,20.588
33_subset_sum_reachability,cpp,10,1791504181547221189,1791504181567752870,20.532
33_subset_sum_reachability,rust,1,1791504181589883930,1791504181611313728,21.430
33_subset_sum_reachability,rust,2,1791504181611314399,1791504181632695320,21.381
33_subset_sum_reachability,rust,3,1791504181632695701,1791504181653805766,21.110
33_subset_sum_reachability,rust,4,1791504181653806146,1791504181674821994,21.016
33_subset_sum_reachability,rust,5,1791504181674822425,1791504181695875272,21.053
33_subset_sum_reachability,rust,6,1791504181695876314,1791504181717093900,21.218
33_subset_sum_reachability,rust,7,1791504181717094360,1791504181738562605,21.468
33_subset_sum_reachability,rust,8,1791504181738562996,1791504181759507210,20.944
33_subset_sum_reachability,rust,9,1791504181759507570,1791504181780643744,21.136
33_subset_sum_reachability,rust,10,1791504181780644795,1791504181801744711,21.100
33_subset_sum_reachability,go,1,1791504181828351937,1791504181854429487,26.078
33_subset_sum_reachability,go,2,1791504181854430028,1791504181880678278,26.248
33_subset_sum_reachability,go,3,1791504181880678679,1791504181906812093,26.133
33_subset_sum_reachability,go,4,1791504181906812484,1791504181932942442,26.130
33_subset_sum_reachability,go,5,1791504181932942843,1791504181959078101,26.135
33_subset_sum_reachability,go,6,1791504181959079153,1791504181984780129,25.701
33_subset_sum_reachability,go,7,1791504181984780880,1791504182010791099,26.010
33_subset_sum_reachability,go,8,1791504182010791510,1791504182036419719,25.628
33_subset_sum_reachability,go,9,1791504182036420120,1791504182061779110,25.359
33_subset_sum_reachability,go,10,1791504182061780894,1791504182088101028,26.320
33_subset_sum_reachability,salam_llvm,1,1791504182102244616,1791504182116177479,13.933
33_subset_sum_reachability,salam_llvm,2,1791504182116177970,1791504182130075958,13.898
33_subset_sum_reachability,salam_llvm,3,1791504182130076369,1791504182144063283,13.987
33_subset_sum_reachability,salam_llvm,4,1791504182144063654,1791504182158009311,13.946
33_subset_sum_reachability,salam_llvm,5,1791504182158009802,1791504182171909162,13.899
33_subset_sum_reachability,salam_llvm,6,1791504182171910124,1791504182185856402,13.946
33_subset_sum_reachability,salam_llvm,7,1791504182185856783,1791504182199950888,14.094
33_subset_sum_reachability,salam_llvm,8,1791504182199951259,1791504182213810284,13.859
33_subset_sum_reachability,salam_llvm,9,1791504182213810725,1791504182227893789,14.083
33_subset_sum_reachability,salam_llvm,10,1791504182227895172,1791504182241812536,13.917
33_subset_sum_reachability,salam_gcc,1,1791504182263281487,1791504182285187691,21.906
33_subset_sum_reachability,salam_gcc,2,1791504182285188884,1791504182307228973,22.040
33_subset_sum_reachability,salam_gcc,3,1791504182307229384,1791504182329042624,21.813
33_subset_sum_reachability,salam_gcc,4,1791504182329042995,1791504182351002609,21.960
33_subset_sum_reachability,salam_gcc,5,1791504182351002980,1791504182373230635,22.228
33_subset_sum_reachability,salam_gcc,6,1791504182373232208,1791504182395271651,22.039
33_subset_sum_reachability,salam_gcc,7,1791504182395272042,1791504182417810059,22.538
33_subset_sum_reachability,salam_gcc,8,1791504182417810460,1791504182439674715,21.864
33_subset_sum_reachability,salam_gcc,9,1791504182439675406,1791504182461948928,22.274
33_subset_sum_reachability,salam_gcc,10,1791504182461950411,1791504182483786233,21.836
33_subset_sum_reachability,salam_tcc,1,1791504182499587455,1791504182515326629,15.739
33_subset_sum_reachability,salam_tcc,2,1791504182515327150,1791504182531086060,15.759
33_subset_sum_reachability,salam_tcc,3,1791504182531086441,1791504182546848768,15.762
33_subset_sum_reachability,salam_tcc,4,1791504182546849139,1791504182562467786,15.619
33_subset_sum_reachability,salam_tcc,5,1791504182562468538,1791504182578034507,15.566
33_subset_sum_reachability,salam_tcc,6,1791504182578035880,1791504182593626265,15.590
33_subset_sum_reachability,salam_tcc,7,1791504182593626625,1791504182609237589,15.611
33_subset_sum_reachability,salam_tcc,8,1791504182609237960,1791504182624868580,15.631
33_subset_sum_reachability,salam_tcc,9,1791504182624869021,1791504182640479714,15.611
33_subset_sum_reachability,salam_tcc,10,1791504182640480886,1791504182656159176,15.678
33_subset_sum_reachability,php,1,1791504183038883432,1791504183421629513,382.746
33_subset_sum_reachability,php,2,1791504183421630826,1791504183807648399,386.018
33_subset_sum_reachability,php,3,1791504183807649111,1791504184190573696,382.925
33_subset_sum_reachability,php,4,1791504184190574328,1791504184575110649,384.536
33_subset_sum_reachability,php,5,1791504184575111300,1791504184959787719,384.676
33_subset_sum_reachability,php,6,1791504184959789903,1791504185342358886,382.569
33_subset_sum_reachability,php,7,1791504185342359637,1791504185724708883,382.349
33_subset_sum_reachability,php,8,1791504185724709514,1791504186106878423,382.169
33_subset_sum_reachability,php,9,1791504186106879124,1791504186489170641,382.292
33_subset_sum_reachability,php,10,1791504186489173477,1791504186871217513,382.044
33_subset_sum_reachability,python,1,1791504190436783249,1791504194209471530,3772.688
33_subset_sum_reachability,python,2,1791504194209472933,1791504197985619230,3776.146
33_subset_sum_reachability,python,3,1791504197985619842,1791504201596734660,3611.115
33_subset_sum_reachability,python,4,1791504201596735301,1791504206078668827,4481.934
33_subset_sum_reachability,python,5,1791504206078669498,1791504209962403394,3883.734
33_subset_sum_reachability,python,6,1791504209962405908,1791504213480065428,3517.660
33_subset_sum_reachability,python,7,1791504213480066109,1791504217583805602,4103.739
33_subset_sum_reachability,python,8,1791504217583806223,1791504221256965233,3673.159
33_subset_sum_reachability,python,9,1791504221256965864,1791504225202670502,3945.705
33_subset_sum_reachability,python,10,1791504225202673197,1791504229073748652,3871.075
34_counting_sort,c,1,1791504237205437556,1791504237247181279,41.744
34_counting_sort,c,2,1791504237247181980,1791504237288763118,41.581
34_counting_sort,c,3,1791504237288763589,1791504237330372659,41.609
34_counting_sort,c,4,1791504237330373270,1791504237372144193,41.771
34_counting_sort,c,5,1791504237372144764,1791504237413753695,41.609
34_counting_sort,c,6,1791504237413755318,1791504237455428237,41.673
34_counting_sort,c,7,1791504237455428708,1791504237497244646,41.816
34_counting_sort,c,8,1791504237497245207,1791504237538966106,41.721
34_counting_sort,c,9,1791504237538966687,1791504237580793996,41.827
34_counting_sort,c,10,1791504237580796120,1791504237622557555,41.761
34_counting_sort,cpp,1,1791504237664643197,1791504237706607222,41.964
34_counting_sort,cpp,2,1791504237706607873,1791504237748214178,41.606
34_counting_sort,cpp,3,1791504237748214750,1791504237789842635,41.628
34_counting_sort,cpp,4,1791504237789843086,1791504237831289722,41.447
34_counting_sort,cpp,5,1791504237831290123,1791504237872928799,41.639
34_counting_sort,cpp,6,1791504237872929881,1791504237914552546,41.623
34_counting_sort,cpp,7,1791504237914553047,1791504237956159362,41.606
34_counting_sort,cpp,8,1791504237956159923,1791504237997825930,41.666
34_counting_sort,cpp,9,1791504237997826461,1791504238039530559,41.704
34_counting_sort,cpp,10,1791504238039532202,1791504238081585724,42.054
34_counting_sort,rust,1,1791504238114289937,1791504238146840122,32.550
34_counting_sort,rust,2,1791504238146841003,1791504238179014603,32.174
34_counting_sort,rust,3,1791504238179015094,1791504238211220694,32.206
34_counting_sort,rust,4,1791504238211221094,1791504238243605479,32.384
34_counting_sort,rust,5,1791504238243605940,1791504238275779890,32.174
34_counting_sort,rust,6,1791504238275781052,1791504238307985941,32.205
34_counting_sort,rust,7,1791504238307986491,1791504238340215855,32.229
34_counting_sort,rust,8,1791504238340216597,1791504238372832865,32.616
34_counting_sort,rust,9,1791504238372833436,1791504238405127952,32.295
34_counting_sort,rust,10,1791504238405130167,1791504238437317111,32.187
34_counting_sort,go,1,1791504238482989602,1791504238528196737,45.207
34_counting_sort,go,2,1791504238528198440,1791504238573461600,45.263
34_counting_sort,go,3,1791504238573462111,1791504238618941606,45.479
34_counting_sort,go,4,1791504238618942016,1791504238663971644,45.030
34_counting_sort,go,5,1791504238663972295,1791504238709373152,45.401
34_counting_sort,go,6,1791504238709375286,1791504238754738038,45.363
34_counting_sort,go,7,1791504238754738538,1791504238799880957,45.142
34_counting_sort,go,8,1791504238799881457,1791504238844965252,45.084
34_counting_sort,go,9,1791504238844965642,1791504238890335842,45.370
34_counting_sort,go,10,1791504238890337415,1791504238935295133,44.958
34_counting_sort,salam_llvm,1,1791504238967534787,1791504238999796962,32.262
34_counting_sort,salam_llvm,2,1791504238999797503,1791504239031742595,31.945
34_counting_sort,salam_llvm,3,1791504239031743336,1791504239064404739,32.661
34_counting_sort,salam_llvm,4,1791504239064405170,1791504239096356644,31.951
34_counting_sort,salam_llvm,5,1791504239096357145,1791504239128216506,31.859
34_counting_sort,salam_llvm,6,1791504239128217628,1791504239160113889,31.896
34_counting_sort,salam_llvm,7,1791504239160114360,1791504239192035648,31.921
34_counting_sort,salam_llvm,8,1791504239192036028,1791504239223967785,31.932
34_counting_sort,salam_llvm,9,1791504239223968256,1791504239255869536,31.901
34_counting_sort,salam_llvm,10,1791504239255871330,1791504239287795082,31.924
34_counting_sort,salam_gcc,1,1791504239331020688,1791504239374147759,43.127
34_counting_sort,salam_gcc,2,1791504239374148511,1791504239417295149,43.147
34_counting_sort,salam_gcc,3,1791504239417295559,1791504239460520815,43.225
34_counting_sort,salam_gcc,4,1791504239460521476,1791504239503796444,43.275
34_counting_sort,salam_gcc,5,1791504239503796875,1791504239546904100,43.107
34_counting_sort,salam_gcc,6,1791504239546905312,1791504239590073741,43.168
34_counting_sort,salam_gcc,7,1791504239590074302,1791504239633324814,43.251
34_counting_sort,salam_gcc,8,1791504239633325345,1791504239676451194,43.126
34_counting_sort,salam_gcc,9,1791504239676451785,1791504239719732635,43.281
34_counting_sort,salam_gcc,10,1791504239719734769,1791504239762946639,43.212
34_counting_sort,salam_tcc,1,1791504239795577474,1791504239827922084,32.345
34_counting_sort,salam_tcc,2,1791504239827922886,1791504239860159033,32.236
34_counting_sort,salam_tcc,3,1791504239860159473,1791504239892291345,32.132
34_counting_sort,salam_tcc,4,1791504239892291776,1791504239924518746,32.227
34_counting_sort,salam_tcc,5,1791504239924519196,1791504239956730827,32.212
34_counting_sort,salam_tcc,6,1791504239956732180,1791504239988896021,32.164
34_counting_sort,salam_tcc,7,1791504239988896472,1791504240021012504,32.116
34_counting_sort,salam_tcc,8,1791504240021012945,1791504240053107928,32.095
34_counting_sort,salam_tcc,9,1791504240053108369,1791504240085997147,32.889
34_counting_sort,salam_tcc,10,1791504240085999621,1791504240118406348,32.407
34_counting_sort,php,1,1791504240435383565,1791504240750478833,315.095
34_counting_sort,php,2,1791504240750480406,1791504241067673521,317.193
34_counting_sort,php,3,1791504241067674142,1791504241382864489,315.190
34_counting_sort,php,4,1791504241382865120,1791504241697584528,314.719
34_counting_sort,php,5,1791504241697585180,1791504242013257792,315.673
34_counting_sort,php,6,1791504242013259776,1791504242331137094,317.877
34_counting_sort,php,7,1791504242331137776,1791504242646044534,314.907
34_counting_sort,php,8,1791504242646045717,1791504242961227270,315.182
34_counting_sort,php,9,1791504242961227931,1791504243276824160,315.596
34_counting_sort,php,10,1791504243276826525,1791504243599513826,322.687
34_counting_sort,python,1,1791504246812135968,1791504249969016152,3156.880
34_counting_sort,python,2,1791504249969017224,1791504253691208008,3722.191
34_counting_sort,python,3,1791504253691208649,1791504256881897458,3190.689
34_counting_sort,python,4,1791504256881898370,1791504260199090472,3317.192
34_counting_sort,python,5,1791504260199091505,1791504263486987876,3287.896
34_counting_sort,python,6,1791504263486990130,1791504266642059793,3155.070
34_counting_sort,python,7,1791504266642060434,1791504269933678016,3291.618
34_counting_sort,python,8,1791504269933678748,1791504273217567309,3283.889
34_counting_sort,python,9,1791504273217568081,1791504276540124277,3322.556
34_counting_sort,python,10,1791504276540127142,1791504279781778137,3241.651
35_run_length_stats,c,1,1791504285391417990,1791504285400837453,9.419
35_run_length_stats,c,2,1791504285400838014,1791504285410408660,9.571
35_run_length_stats,c,3,1791504285410409031,1791504285419758363,9.349
35_run_length_stats,c,4,1791504285419758734,1791504285429236316,9.478
35_run_length_stats,c,5,1791504285429236817,1791504285438594264,9.357
35_run_length_stats,c,6,1791504285438595766,1791504285447907528,9.312
35_run_length_stats,c,7,1791504285447907889,1791504285457249746,9.342
35_run_length_stats,c,8,1791504285457250117,1791504285466656366,9.406
35_run_length_stats,c,9,1791504285466656847,1791504285475984147,9.327
35_run_length_stats,c,10,1791504285475985490,1791504285485430831,9.445
35_run_length_stats,cpp,1,1791504285495789843,1791504285505583437,9.794
35_run_length_stats,cpp,2,1791504285505584519,1791504285515380286,9.796
35_run_length_stats,cpp,3,1791504285515380777,1791504285525176044,9.795
35_run_length_stats,cpp,4,1791504285525176545,1791504285534905116,9.729
35_run_length_stats,cpp,5,1791504285534905597,1791504285544678442,9.773
35_run_length_stats,cpp,6,1791504285544679945,1791504285554546074,9.866
35_run_length_stats,cpp,7,1791504285554546695,1791504285564373942,9.827
35_run_length_stats,cpp,8,1791504285564374633,1791504285574385062,10.010
35_run_length_stats,cpp,9,1791504285574385513,1791504285584180309,9.795
35_run_length_stats,cpp,10,1791504285584182133,1791504285593958704,9.777
35_run_length_stats,rust,1,1791504285602364965,1791504285610587799,8.223
35_run_length_stats,rust,2,1791504285610588369,1791504285618715143,8.127
35_run_length_stats,rust,3,1791504285618715514,1791504285626741438,8.026
35_run_length_stats,rust,4,1791504285626741808,1791504285634840469,8.099
35_run_length_stats,rust,5,1791504285634840840,1791504285642945882,8.105
35_run_length_stats,rust,6,1791504285642946834,1791504285651053860,8.107
35_run_length_stats,rust,7,1791504285651054241,1791504285659140188,8.086
35_run_length_stats,rust,8,1791504285659140589,1791504285667241463,8.101
35_run_length_stats,rust,9,1791504285667241854,1791504285675316149,8.074
35_run_length_stats,rust,10,1791504285675317822,1791504285683441740,8.124
35_run_length_stats,go,1,1791504285694015790,1791504285703956429,9.941
35_run_length_stats,go,2,1791504285703957040,1791504285713596415,9.639
35_run_length_stats,go,3,1791504285713596826,1791504285723127026,9.530
35_run_length_stats,go,4,1791504285723127417,1791504285732935488,9.808
35_run_length_stats,go,5,1791504285732935888,1791504285743195459,10.260
35_run_length_stats,go,6,1791504285743196681,1791504285753167607,9.971
35_run_length_stats,go,7,1791504285753168108,1791504285763509146,10.341
35_run_length_stats,go,8,1791504285763509627,1791504285773825568,10.316
35_run_length_stats,go,9,1791504285773825969,1791504285783470960,9.645
35_run_length_stats,go,10,1791504285783472663,1791504285793718307,10.246
35_run_length_stats,salam_llvm,1,1791504285801454715,1791504285808959875,7.505
35_run_length_stats,salam_llvm,2,1791504285808960466,1791504285816436731,7.476
35_run_length_stats,salam_llvm,3,1791504285816437112,1791504285823987676,7.551
35_run_length_stats,salam_llvm,4,1791504285823988027,1791504285831461798,7.474
35_run_length_stats,salam_llvm,5,1791504285831462189,1791504285839002504,7.540
35_run_length_stats,salam_llvm,6,1791504285839003556,1791504285846543801,7.540
35_run_length_stats,salam_llvm,7,1791504285846544703,1791504285854211255,7.667
35_run_length_stats,salam_llvm,8,1791504285854211625,1791504285861854713,7.643
35_run_length_stats,salam_llvm,9,1791504285861855144,1791504285869426958,7.572
35_run_length_stats,salam_llvm,10,1791504285869428792,1791504285876999073,7.570
35_run_length_stats,salam_gcc,1,1791504285885945701,1791504285894671436,8.726
35_run_length_stats,salam_gcc,2,1791504285894672017,1791504285903370721,8.699
35_run_length_stats,salam_gcc,3,1791504285903371101,1791504285912102727,8.732
35_run_length_stats,salam_gcc,4,1791504285912103118,1791504285920833802,8.731
35_run_length_stats,salam_gcc,5,1791504285920834232,1791504285929720257,8.886
35_run_length_stats,salam_gcc,6,1791504285929721379,1791504285938468574,8.747
35_run_length_stats,salam_gcc,7,1791504285938468944,1791504285947115250,8.646
35_run_length_stats,salam_gcc,8,1791504285947115631,1791504285955767868,8.652
35_run_length_stats,salam_gcc,9,1791504285955768198,1791504285964394677,8.626
35_run_length_stats,salam_gcc,10,1791504285964396560,1791504285973031736,8.635
35_run_length_stats,salam_tcc,1,1791504285981331728,1791504285989640361,8.309
35_run_length_stats,salam_tcc,2,1791504285989640812,1791504285997902829,8.262
35_run_length_stats,salam_tcc,3,1791504285997903210,1791504286005941848,8.039
35_run_length_stats,salam_tcc,4,1791504286005942228,1791504286014015141,8.073
35_run_length_stats,salam_tcc,5,1791504286014015501,1791504286022189363,8.174
35_run_length_stats,salam_tcc,6,1791504286022194362,1791504286030182646,7.988
35_run_length_stats,salam_tcc,7,1791504286030183037,1791504286038161643,7.979
35_run_length_stats,salam_tcc,8,1791504286038161994,1791504286046132464,7.970
35_run_length_stats,salam_tcc,9,1791504286046132835,1791504286054196245,8.063
35_run_length_stats,salam_tcc,10,1791504286054198248,1791504286062230945,8.033
35_run_length_stats,php,1,1791504286212792125,1791504286363292169,150.500
35_run_length_stats,php,2,1791504286363293381,1791504286513790831,150.497
35_run_length_stats,php,3,1791504286513791653,1791504286665950352,152.159
35_run_length_stats,php,4,1791504286665951103,1791504286816644690,150.694
35_run_length_stats,php,5,1791504286816645361,1791504286966769653,150.124
35_run_length_stats,php,6,1791504286966771687,1791504287117320152,150.548
35_run_length_stats,php,7,1791504287117320853,1791504287267895537,150.575
35_run_length_stats,php,8,1791504287267896229,1791504287417936573,150.040
35_run_length_stats,php,9,1791504287417937374,1791504287567936551,149.999
35_run_length_stats,php,10,1791504287567939607,1791504287718450602,150.511
35_run_length_stats,python,1,1791504288776947337,1791504289873492706,1096.545
35_run_length_stats,python,2,1791504289873496443,1791504291023648399,1150.152
35_run_length_stats,python,3,1791504291023649311,1791504292069802769,1046.153
35_run_length_stats,python,4,1791504292069803401,1791504293234244553,1164.441
35_run_length_stats,python,5,1791504293234245184,1791504294368012090,1133.767
35_run_length_stats,python,6,1791504294368015005,1791504295443521360,1075.506
35_run_length_stats,python,7,1791504295443521981,1791504296610785344,1167.263
35_run_length_stats,python,8,1791504296610785995,1791504297684823700,1074.038
35_run_length_stats,python,9,1791504297684824321,1791504298754139608,1069.315
35_run_length_stats,python,10,1791504298754141882,1791504299840808853,1086.667
36_array_rotation_reversal,c,1,1791504305821491137,1791504305845563608,24.072
36_array_rotation_reversal,c,2,1791504305845564800,1791504305868871188,23.306
36_array_rotation_reversal,c,3,1791504305868872029,1791504305892085763,23.214
36_array_rotation_reversal,c,4,1791504305892086855,1791504305915208567,23.122
36_array_rotation_reversal,c,5,1791504305915209498,1791504305937694969,22.485
36_array_rotation_reversal,c,6,1791504305937697052,1791504305960133762,22.437
36_array_rotation_reversal,c,7,1791504305960134553,1791504305983563640,23.429
36_array_rotation_reversal,c,8,1791504305983564662,1791504306005954964,22.390
36_array_rotation_reversal,c,9,1791504306005955776,1791504306029397266,23.441
36_array_rotation_reversal,c,10,1791504306029400312,1791504306052655233,23.255
36_array_rotation_reversal,cpp,1,1791504306078947902,1791504306105029575,26.082
36_array_rotation_reversal,cpp,2,1791504306105030546,1791504306130622231,25.592
36_array_rotation_reversal,cpp,3,1791504306130623163,1791504306156050400,25.427
36_array_rotation_reversal,cpp,4,1791504306156051062,1791504306181358575,25.308
36_array_rotation_reversal,cpp,5,1791504306181359226,1791504306206730218,25.371
36_array_rotation_reversal,cpp,6,1791504306206733614,1791504306232384770,25.651
36_array_rotation_reversal,cpp,7,1791504306232385602,1791504306257775589,25.390
36_array_rotation_reversal,cpp,8,1791504306257776251,1791504306282506603,24.730
36_array_rotation_reversal,cpp,9,1791504306282507555,1791504306307947556,25.440
36_array_rotation_reversal,cpp,10,1791504306307950311,1791504306332382256,24.432
36_array_rotation_reversal,rust,1,1791504306358726592,1791504306384333956,25.607
36_array_rotation_reversal,rust,2,1791504306384334878,1791504306409038591,24.704
36_array_rotation_reversal,rust,3,1791504306409039242,1791504306434313262,25.274
36_array_rotation_reversal,rust,4,1791504306434314204,1791504306458734176,24.420
36_array_rotation_reversal,rust,5,1791504306458734797,1791504306483410227,24.675
36_array_rotation_reversal,rust,6,1791504306483412621,1791504306508670221,25.258
36_array_rotation_reversal,rust,7,1791504306508671273,1791504306533950593,25.279
36_array_rotation_reversal,rust,8,1791504306533951334,1791504306559146377,25.195
36_array_rotation_reversal,rust,9,1791504306559147349,1791504306583419955,24.273
36_array_rotation_reversal,rust,10,1791504306583422109,1791504306608615919,25.194
36_array_rotation_reversal,go,1,1791504306634938239,1791504306661140470,26.202
36_array_rotation_reversal,go,2,1791504306661141762,1791504306687166368,26.025
36_array_rotation_reversal,go,3,1791504306687167459,1791504306712679005,25.512
36_array_rotation_reversal,go,4,1791504306712680317,1791504306738479578,25.799
36_array_rotation_reversal,go,5,1791504306738480590,1791504306763989470,25.509
36_array_rotation_reversal,go,6,1791504306763991494,1791504306790169920,26.178
36_array_rotation_reversal,go,7,1791504306790170962,1791504306816275996,26.105
36_array_rotation_reversal,go,8,1791504306816277278,1791504306841977736,25.700
36_array_rotation_reversal,go,9,1791504306841978829,1791504306868124210,26.145
36_array_rotation_reversal,go,10,1791504306868126845,1791504306894053146,25.926
36_array_rotation_reversal,salam_llvm,1,1791504306917383062,1791504306939415595,22.033
36_array_rotation_reversal,salam_llvm,2,1791504306939416777,1791504306962319148,22.902
36_array_rotation_reversal,salam_llvm,3,1791504306962319930,1791504306985337566,23.018
36_array_rotation_reversal,salam_llvm,4,1791504306985338598,1791504307008304438,22.966
36_array_rotation_reversal,salam_llvm,5,1791504307008305249,1791504307030362789,22.058
36_array_rotation_reversal,salam_llvm,6,1791504307030364532,1791504307052582171,22.218
36_array_rotation_reversal,salam_llvm,7,1791504307052582883,1791504307076231731,23.649
36_array_rotation_reversal,salam_llvm,8,1791504307076232562,1791504307099707966,23.475
36_array_rotation_reversal,salam_llvm,9,1791504307099708788,1791504307121787787,22.079
36_array_rotation_reversal,salam_llvm,10,1791504307121790322,1791504307144632841,22.843
36_array_rotation_reversal,salam_gcc,1,1791504307168329669,1791504307192158624,23.829
36_array_rotation_reversal,salam_gcc,2,1791504307192159807,1791504307216803737,24.644
36_array_rotation_reversal,salam_gcc,3,1791504307216804559,1791504307239956266,23.152
36_array_rotation_reversal,salam_gcc,4,1791504307239957088,1791504307263966381,24.009
36_array_rotation_reversal,salam_gcc,5,1791504307263967653,1791504307287987847,24.020
36_array_rotation_reversal,salam_gcc,6,1791504307287989941,1791504307312251766,24.262
36_array_rotation_reversal,salam_gcc,7,1791504307312252658,1791504307336211597,23.959
36_array_rotation_reversal,salam_gcc,8,1791504307336212408,1791504307360592716,24.380
36_array_rotation_reversal,salam_gcc,9,1791504307360593507,1791504307384301356,23.708
36_array_rotation_reversal,salam_gcc,10,1791504307384303500,1791504307407841551,23.538
36_array_rotation_reversal,salam_tcc,1,1791504307432506183,1791504307456929090,24.423
36_array_rotation_reversal,salam_tcc,2,1791504307456930643,1791504307481190125,24.259
36_array_rotation_reversal,salam_tcc,3,1791504307481191136,1791504307505135418,23.944
36_array_rotation_reversal,salam_tcc,4,1791504307505136169,1791504307528031747,22.896
36_array_rotation_reversal,salam_tcc,5,1791504307528032589,1791504307551742261,23.710
36_array_rotation_reversal,salam_tcc,6,1791504307551744024,1791504307574534356,22.790
36_array_rotation_reversal,salam_tcc,7,1791504307574535588,1791504307598320661,23.785
36_array_rotation_reversal,salam_tcc,8,1791504307598321693,1791504307621908495,23.587
36_array_rotation_reversal,salam_tcc,9,1791504307621909196,1791504307646040408,24.131
36_array_rotation_reversal,salam_tcc,10,1791504307646043082,1791504307670338171,24.295
36_array_rotation_reversal,php,1,1791504307911751837,1791504308156199849,244.448
36_array_rotation_reversal,php,2,1791504308156200861,1791504308403221679,247.021
36_array_rotation_reversal,php,3,1791504308403222340,1791504308647034867,243.813
36_array_rotation_reversal,php,4,1791504308647035498,1791504308889822201,242.787
36_array_rotation_reversal,php,5,1791504308889822822,1791504309130724625,240.902
36_array_rotation_reversal,php,6,1791504309130727451,1791504309371162991,240.436
36_array_rotation_reversal,php,7,1791504309371163833,1791504309611685164,240.521
36_array_rotation_reversal,php,8,1791504309611685936,1791504309852681365,240.995
36_array_rotation_reversal,php,9,1791504309852681996,1791504310094857124,242.175
36_array_rotation_reversal,php,10,1791504310094859328,1791504310335939234,241.080
36_array_rotation_reversal,python,1,1791504311621270892,1791504312946272310,1325.001
36_array_rotation_reversal,python,2,1791504312946273742,1791504314224579407,1278.306
36_array_rotation_reversal,python,3,1791504314224580048,1791504315506433615,1281.854
36_array_rotation_reversal,python,4,1791504315506434246,1791504316802481357,1296.047
36_array_rotation_reversal,python,5,1791504316802482098,1791504318109448732,1306.967
36_array_rotation_reversal,python,6,1791504318109451958,1791504319389710209,1280.258
36_array_rotation_reversal,python,7,1791504319389710871,1791504320673480684,1283.770
36_array_rotation_reversal,python,8,1791504320673481516,1791504321978036848,1304.555
36_array_rotation_reversal,python,9,1791504321978037589,1791504323264836521,1286.799
36_array_rotation_reversal,python,10,1791504323264839266,1791504324576902160,1312.063
37_sqrt_decomposition,c,1,1791504331150121341,1791504331160993223,10.872
37_sqrt_decomposition,c,2,1791504331160995587,1791504331171363506,10.368
37_sqrt_decomposition,c,3,1791504331171364297,1791504331180719009,9.355
37_sqrt_decomposition,c,4,1791504331180719790,1791504331191139215,10.419
37_sqrt_decomposition,c,5,1791504331191139967,1791504331201658958,10.519
37_sqrt_decomposition,c,6,1791504331201661683,1791504331210991207,9.330
37_sqrt_decomposition,c,7,1791504331210992169,1791504331220351940,9.360
37_sqrt_decomposition,c,8,1791504331220352772,1791504331230023818,9.671
37_sqrt_decomposition,c,9,1791504331230024579,1791504331240252886,10.228
37_sqrt_decomposition,c,10,1791504331240254830,1791504331250397767,10.143
37_sqrt_decomposition,cpp,1,1791504331262351444,1791504331274939168,12.588
37_sqrt_decomposition,cpp,2,1791504331274940210,1791504331287360372,12.420
37_sqrt_decomposition,cpp,3,1791504331287361454,1791504331299824895,12.463
37_sqrt_decomposition,cpp,4,1791504331299825546,1791504331312082291,12.257
37_sqrt_decomposition,cpp,5,1791504331312082932,1791504331323201015,11.118
37_sqrt_decomposition,cpp,6,1791504331323202788,1791504331335218771,12.016
37_sqrt_decomposition,cpp,7,1791504331335219402,1791504331346016033,10.797
37_sqrt_decomposition,cpp,8,1791504331346016815,1791504331357551938,11.535
37_sqrt_decomposition,cpp,9,1791504331357552579,1791504331369355354,11.803
37_sqrt_decomposition,cpp,10,1791504331369357157,1791504331380897670,11.541
37_sqrt_decomposition,rust,1,1791504331391175959,1791504331400630577,9.455
37_sqrt_decomposition,rust,2,1791504331400631689,1791504331410575133,9.943
37_sqrt_decomposition,rust,3,1791504331410575774,1791504331420662396,10.087
37_sqrt_decomposition,rust,4,1791504331420663138,1791504331429941446,9.278
37_sqrt_decomposition,rust,5,1791504331429942087,1791504331440333910,10.392
37_sqrt_decomposition,rust,6,1791504331440335303,1791504331449343295,9.008
37_sqrt_decomposition,rust,7,1791504331449344027,1791504331459441138,10.097
37_sqrt_decomposition,rust,8,1791504331459441659,1791504331468364282,8.923
37_sqrt_decomposition,rust,9,1791504331468364823,1791504331477521023,9.156
37_sqrt_decomposition,rust,10,1791504331477522556,1791504331487872511,10.350
37_sqrt_decomposition,go,1,1791504331508949166,1791504331530253797,21.305
37_sqrt_decomposition,go,2,1791504331530255640,1791504331550544365,20.289
37_sqrt_decomposition,go,3,1791504331550545387,1791504331570251677,19.706
37_sqrt_decomposition,go,4,1791504331570252869,1791504331590071719,19.819
37_sqrt_decomposition,go,5,1791504331590073052,1791504331609366057,19.293
37_sqrt_decomposition,go,6,1791504331609368172,1791504331628866136,19.498
37_sqrt_decomposition,go,7,1791504331628867067,1791504331648552117,19.685
37_sqrt_decomposition,go,8,1791504331648553510,1791504331668226562,19.673
37_sqrt_decomposition,go,9,1791504331668227434,1791504331688599600,20.372
37_sqrt_decomposition,go,10,1791504331688601964,1791504331709229037,20.627
37_sqrt_decomposition,salam_llvm,1,1791504331719764003,1791504331728732101,8.968
37_sqrt_decomposition,salam_llvm,2,1791504331728733454,1791504331736972346,8.239
37_sqrt_decomposition,salam_llvm,3,1791504331736973128,1791504331746326407,9.353
37_sqrt_decomposition,salam_llvm,4,1791504331746327569,1791504331754701966,8.374
37_sqrt_decomposition,salam_llvm,5,1791504331754702837,1791504331764170520,9.468
37_sqrt_decomposition,salam_llvm,6,1791504331764172053,1791504331772452434,8.280
37_sqrt_decomposition,salam_llvm,7,1791504331772453656,1791504331780830146,8.376
37_sqrt_decomposition,salam_llvm,8,1791504331780831028,1791504331789058420,8.227
37_sqrt_decomposition,salam_llvm,9,1791504331789059211,1791504331798751765,9.693
37_sqrt_decomposition,salam_llvm,10,1791504331798754490,1791504331807342096,8.588
37_sqrt_decomposition,salam_gcc,1,1791504331818994529,1791504331829811989,10.817
37_sqrt_decomposition,salam_gcc,2,1791504331829813261,1791504331839168293,9.355
37_sqrt_decomposition,salam_gcc,3,1791504331839169285,1791504331849906875,10.738
37_sqrt_decomposition,salam_gcc,4,1791504331849907587,1791504331860172603,10.265
37_sqrt_decomposition,salam_gcc,5,1791504331860173674,1791504331871523311,11.350
37_sqrt_decomposition,salam_gcc,6,1791504331871525335,1791504331880874235,9.349
37_sqrt_decomposition,salam_gcc,7,1791504331880874706,1791504331890152965,9.278
37_sqrt_decomposition,salam_gcc,8,1791504331890153415,1791504331901405549,11.252
37_sqrt_decomposition,salam_gcc,9,1791504331901406271,1791504331911596075,10.190
37_sqrt_decomposition,salam_gcc,10,1791504331911598440,1791504331921011440,9.413
37_sqrt_decomposition,salam_tcc,1,1791504331930830016,1791504331940580989,9.751
37_sqrt_decomposition,salam_tcc,2,1791504331940581901,1791504331950298450,9.717
37_sqrt_decomposition,salam_tcc,3,1791504331950299141,1791504331958125802,7.827
37_sqrt_decomposition,salam_tcc,4,1791504331958126323,1791504331965815597,7.689
37_sqrt_decomposition,salam_tcc,5,1791504331965816209,1791504331974934758,9.119
37_sqrt_decomposition,salam_tcc,6,1791504331974936211,1791504331983813940,8.878
37_sqrt_decomposition,salam_tcc,7,1791504331983814481,1791504331991456847,7.642
37_sqrt_decomposition,salam_tcc,8,1791504331991457398,1791504331999026327,7.569
37_sqrt_decomposition,salam_tcc,9,1791504331999026868,1791504332007956904,8.930
37_sqrt_decomposition,salam_tcc,10,1791504332007958618,1791504332016912088,8.953
37_sqrt_decomposition,php,1,1791504332379229517,1791504332741630789,362.401
37_sqrt_decomposition,php,2,1791504332741631731,1791504333106235475,364.604
37_sqrt_decomposition,php,3,1791504333106236156,1791504333470565136,364.329
37_sqrt_decomposition,php,4,1791504333470565938,1791504333834446559,363.881
37_sqrt_decomposition,php,5,1791504333834447210,1791504334199202989,364.756
37_sqrt_decomposition,php,6,1791504334199205393,1791504334562423414,363.218
37_sqrt_decomposition,php,7,1791504334562424065,1791504334932431049,370.007
37_sqrt_decomposition,php,8,1791504334932431680,1791504335299051799,366.620
37_sqrt_decomposition,php,9,1791504335299052430,1791504335670090159,371.038
37_sqrt_decomposition,php,10,1791504335670092333,1791504336034098549,364.006
37_sqrt_decomposition,python,1,1791504337807962028,1791504339613088023,1805.126
37_sqrt_decomposition,python,2,1791504339613089045,1791504341383601704,1770.513
37_sqrt_decomposition,python,3,1791504341383602355,1791504343078840871,1695.239
37_sqrt_decomposition,python,4,1791504343078841743,1791504344693691642,1614.850
37_sqrt_decomposition,python,5,1791504344693692273,1791504346262825233,1569.133
37_sqrt_decomposition,python,6,1791504346262827487,1791504347937590099,1674.763
37_sqrt_decomposition,python,7,1791504347937590771,1791504349615089906,1677.499
37_sqrt_decomposition,python,8,1791504349615090557,1791504351209097866,1594.007
37_sqrt_decomposition,python,9,1791504351209098497,1791504352851638494,1642.540
37_sqrt_decomposition,python,10,1791504352851640707,1791504354618510662,1766.870
38_game_of_life,c,1,1791504372009804071,1791504372021824748,12.021
38_game_of_life,c,2,1791504372021825840,1791504372033704681,11.879
38_game_of_life,c,3,1791504372033705333,1791504372045584394,11.879
38_game_of_life,c,4,1791504372045585136,1791504372057536232,11.951
38_game_of_life,c,5,1791504372057537354,1791504372069353238,11.816
38_game_of_life,c,6,1791504372069354640,1791504372081270341,11.916
38_game_of_life,c,7,1791504372081271192,1791504372093228530,11.957
38_game_of_life,c,8,1791504372093229923,1791504372105086172,11.856
38_game_of_life,c,9,1791504372105087014,1791504372116855739,11.769
38_game_of_life,c,10,1791504372116857813,1791504372128623201,11.765
38_game_of_life,cpp,1,1791504372142214935,1791504372155606339,13.391
38_game_of_life,cpp,2,1791504372155607811,1791504372169061892,13.454
38_game_of_life,cpp,3,1791504372169063104,1791504372182437446,13.374
38_game_of_life,cpp,4,1791504372182438458,1791504372195585033,13.147
38_game_of_life,cpp,5,1791504372195586505,1791504372208681463,13.095
38_game_of_life,cpp,6,1791504372208683477,1791504372221754611,13.071
38_game_of_life,cpp,7,1791504372221755613,1791504372234680002,12.924
38_game_of_life,cpp,8,1791504372234680773,1791504372247666207,12.985
38_game_of_life,cpp,9,1791504372247667309,1791504372260613048,12.946
38_game_of_life,cpp,10,1791504372260615322,1791504372273513762,12.898
38_game_of_life,rust,1,1791504372312600386,1791504372351231998,38.632
38_game_of_life,rust,2,1791504372351233420,1791504372390015313,38.782
38_game_of_life,rust,3,1791504372390015954,1791504372428586331,38.570
38_game_of_life,rust,4,1791504372428586962,1791504372467648750,39.062
38_game_of_life,rust,5,1791504372467649391,1791504372506130631,38.481
38_game_of_life,rust,6,1791504372506133877,1791504372545044010,38.910
38_game_of_life,rust,7,1791504372545044752,1791504372583367936,38.323
38_game_of_life,rust,8,1791504372583368567,1791504372621758376,38.390
38_game_of_life,rust,9,1791504372621759017,1791504372660432337,38.673
38_game_of_life,rust,10,1791504372660434832,1791504372699100347,38.666
38_game_of_life,go,1,1791504372750846203,1791504372801959625,51.113
38_game_of_life,go,2,1791504372801960797,1791504372851411386,49.451
38_game_of_life,go,3,1791504372851412448,1791504372900934651,49.522
38_game_of_life,go,4,1791504372900935512,1791504372952771712,51.836
38_game_of_life,go,5,1791504372952772644,1791504373003547602,50.775
38_game_of_life,go,6,1791504373003549636,1791504373053201161,49.652
38_game_of_life,go,7,1791504373053202052,1791504373103897582,50.696
38_game_of_life,go,8,1791504373103898984,1791504373154141120,50.242
38_game_of_life,go,9,1791504373154142353,1791504373204711781,50.569
38_game_of_life,go,10,1791504373204714516,1791504373254134146,49.420
38_game_of_life,salam_llvm,1,1791504373266011152,1791504373277532454,11.521
38_game_of_life,salam_llvm,2,1791504373277533496,1791504373288862498,11.329
38_game_of_life,salam_llvm,3,1791504373288863129,1791504373300350197,11.487
38_game_of_life,salam_llvm,4,1791504373300351269,1791504373311694587,11.343
38_game_of_life,salam_llvm,5,1791504373311695248,1791504373323094632,11.399
38_game_of_life,salam_llvm,6,1791504373323096516,1791504373334474479,11.378
38_game_of_life,salam_llvm,7,1791504373334475090,1791504373346000710,11.526
38_game_of_life,salam_llvm,8,1791504373346001351,1791504373357429659,11.428
38_game_of_life,salam_llvm,9,1791504373357430340,1791504373368735467,11.305
38_game_of_life,salam_llvm,10,1791504373368737521,1791504373380021759,11.284
38_game_of_life,salam_gcc,1,1791504373391653778,1791504373403258086,11.604
38_game_of_life,salam_gcc,2,1791504373403259228,1791504373415029884,11.771
38_game_of_life,salam_gcc,3,1791504373415030936,1791504373426362423,11.331
38_game_of_life,salam_gcc,4,1791504373426363415,1791504373437727733,11.364
38_game_of_life,salam_gcc,5,1791504373437728875,1791504373449138598,11.410
38_game_of_life,salam_gcc,6,1791504373449139980,1791504373460556315,11.416
38_game_of_life,salam_gcc,7,1791504373460557237,1791504373472036160,11.479
38_game_of_life,salam_gcc,8,1791504373472036831,1791504373483391992,11.355
38_game_of_life,salam_gcc,9,1791504373483392914,1791504373494694955,11.302
38_game_of_life,salam_gcc,10,1791504373494696939,1791504373505996204,11.299
38_game_of_life,salam_tcc,1,1791504373516627440,1791504373527087926,10.460
38_game_of_life,salam_tcc,2,1791504373527089589,1791504373537457100,10.368
38_game_of_life,salam_tcc,3,1791504373537458222,1791504373548130434,10.672
38_game_of_life,salam_tcc,4,1791504373548131196,1791504373558599186,10.468
38_game_of_life,salam_tcc,5,1791504373558599917,1791504373568966637,10.367
38_game_of_life,salam_tcc,6,1791504373568969352,1791504373579542238,10.573
38_game_of_life,salam_tcc,7,1791504373579543009,1791504373589735924,10.193
38_game_of_life,salam_tcc,8,1791504373589736606,1791504373600099028,10.362
38_game_of_life,salam_tcc,9,1791504373600099659,1791504373610737146,10.637
38_game_of_life,salam_tcc,10,1791504373610739220,1791504373621376306,10.637
38_game_of_life,php,1,1791504375074780440,1791504376522463022,1447.683
38_game_of_life,php,2,1791504376522464244,1791504377913286449,1390.822
38_game_of_life,php,3,1791504377913287111,1791504379336995998,1423.709
38_game_of_life,php,4,1791504379336996830,1791504380867640184,1530.643
38_game_of_life,php,5,1791504380867641106,1791504382300828354,1433.187
38_game_of_life,php,6,1791504382300830738,1791504383768566694,1467.736
38_game_of_life,php,7,1791504383768567325,1791504385265816030,1497.249
38_game_of_life,php,8,1791504385265816651,1791504386804135703,1538.319
38_game_of_life,php,9,1791504386804136545,1791504388307670168,1503.534
38_game_of_life,php,10,1791504388307672483,1791504389735359791,1427.687
38_game_of_life,python,1,1791504400246581871,1791504411303865427,11057.284
38_game_of_life,python,2,1791504411303866489,1791504421929156889,10625.290
38_game_of_life,python,3,1791504421929157590,1791504432543853820,10614.696
38_game_of_life,python,4,1791504432543854581,1791504443366329630,10822.475
38_game_of_life,python,5,1791504443366330261,1791504454526213639,11159.883
38_game_of_life,python,6,1791504454526215553,1791504465490858825,10964.643
38_game_of_life,python,7,1791504465490859526,1791504476041100274,10550.241
38_game_of_life,python,8,1791504476041100895,1791504486911814137,10870.713
38_game_of_life,python,9,1791504486911814858,1791504497460914982,10549.100
38_game_of_life,python,10,1791504497460917296,1791504508607373194,11146.456
39_trapezoidal_integration,c,1,1791504517334965105,1791504517349858365,14.893
39_trapezoidal_integration,c,2,1791504517349858986,1791504517364679751,14.821
39_trapezoidal_integration,c,3,1791504517364680132,1791504517379395619,14.715
39_trapezoidal_integration,c,4,1791504517379396120,1791504517394134739,14.739
39_trapezoidal_integration,c,5,1791504517394135150,1791504517408997632,14.862
39_trapezoidal_integration,c,6,1791504517408998755,1791504517423832353,14.834
39_trapezoidal_integration,c,7,1791504517423832734,1791504517438617151,14.784
39_trapezoidal_integration,c,8,1791504517438617662,1791504517453431974,14.814
39_trapezoidal_integration,c,9,1791504517453432335,1791504517468176556,14.744
39_trapezoidal_integration,c,10,1791504517468178279,1791504517482956885,14.779
39_trapezoidal_integration,cpp,1,1791504517499161763,1791504517514948877,15.787
39_trapezoidal_integration,cpp,2,1791504517514949388,1791504517530646313,15.697
39_trapezoidal_integration,cpp,3,1791504517530646724,1791504517546280861,15.634
39_trapezoidal_integration,cpp,4,1791504517546281503,1791504517561980451,15.699
39_trapezoidal_integration,cpp,5,1791504517561980842,1791504517577774498,15.794
39_trapezoidal_integration,cpp,6,1791504517577775510,1791504517593421489,15.646
39_trapezoidal_integration,cpp,7,1791504517593422361,1791504517609080243,15.658
39_trapezoidal_integration,cpp,8,1791504517609080653,1791504517624736121,15.655
39_trapezoidal_integration,cpp,9,1791504517624736481,1791504517640354789,15.618
39_trapezoidal_integration,cpp,10,1791504517640355901,1791504517656019704,15.664
39_trapezoidal_integration,rust,1,1791504517671877991,1791504517687612116,15.734
39_trapezoidal_integration,rust,2,1791504517687613107,1791504517703293802,15.681
39_trapezoidal_integration,rust,3,1791504517703294202,1791504517718978103,15.684
39_trapezoidal_integration,rust,4,1791504517718978594,1791504517734650402,15.672
39_trapezoidal_integration,rust,5,1791504517734650793,1791504517750320026,15.669
39_trapezoidal_integration,rust,6,1791504517750321699,1791504517765991332,15.670
39_trapezoidal_integration,rust,7,1791504517765991723,1791504517781666787,15.675
39_trapezoidal_integration,rust,8,1791504517781667388,1791504517797316674,15.649
39_trapezoidal_integration,rust,9,1791504517797317065,1791504517813027385,15.710
39_trapezoidal_integration,rust,10,1791504517813028727,1791504517828687821,15.659
39_trapezoidal_integration,go,1,1791504517846688051,1791504517864643651,17.956
39_trapezoidal_integration,go,2,1791504517864644573,1791504517882761321,18.117
39_trapezoidal_integration,go,3,1791504517882762242,1791504517900884217,18.122
39_trapezoidal_integration,go,4,1791504517900885008,1791504517918910933,18.026
39_trapezoidal_integration,go,5,1791504517918911624,1791504517936298874,17.387
39_trapezoidal_integration,go,6,1791504517936300306,1791504517954089335,17.789
39_trapezoidal_integration,go,7,1791504517954089866,1791504517971676358,17.586
39_trapezoidal_integration,go,8,1791504517971676859,1791504517989571668,17.895
39_trapezoidal_integration,go,9,1791504517989572169,1791504518007000285,17.428
39_trapezoidal_integration,go,10,1791504518007001647,1791504518024428754,17.427
39_trapezoidal_integration,salam_llvm,1,1791504518040334833,1791504518056129852,15.795
39_trapezoidal_integration,salam_llvm,2,1791504518056130954,1791504518071908980,15.778
39_trapezoidal_integration,salam_llvm,3,1791504518071909882,1791504518087605845,15.696
39_trapezoidal_integration,salam_llvm,4,1791504518087606837,1791504518103225866,15.619
39_trapezoidal_integration,salam_llvm,5,1791504518103226758,1791504518118877486,15.651
39_trapezoidal_integration,salam_llvm,6,1791504518118879089,1791504518134524908,15.646
39_trapezoidal_integration,salam_llvm,7,1791504518134525720,1791504518150169876,15.644
39_trapezoidal_integration,salam_llvm,8,1791504518150170798,1791504518165786019,15.615
39_trapezoidal_integration,salam_llvm,9,1791504518165786691,1791504518181360275,15.574
39_trapezoidal_integration,salam_llvm,10,1791504518181362108,1791504518196908050,15.546
39_trapezoidal_integration,salam_gcc,1,1791504518211919367,1791504518226670611,14.751
39_trapezoidal_integration,salam_gcc,2,1791504518226671132,1791504518241325976,14.655
39_trapezoidal_integration,salam_gcc,3,1791504518241326347,1791504518256018190,14.692
39_trapezoidal_integration,salam_gcc,4,1791504518256018531,1791504518270649039,14.631
39_trapezoidal_integration,salam_gcc,5,1791504518270649380,1791504518285432104,14.783
39_trapezoidal_integration,salam_gcc,6,1791504518285433015,1791504518300098118,14.665
39_trapezoidal_integration,salam_gcc,7,1791504518300098499,1791504518314739938,14.641
39_trapezoidal_integration,salam_gcc,8,1791504518314740299,1791504518329538601,14.798
39_trapezoidal_integration,salam_gcc,9,1791504518329539122,1791504518344273796,14.735
39_trapezoidal_integration,salam_gcc,10,1791504518344275138,1791504518359130498,14.855
39_trapezoidal_integration,salam_tcc,1,1791504518374037850,1791504518389000340,14.962
39_trapezoidal_integration,salam_tcc,2,1791504518389000841,1791504518404059441,15.059
39_trapezoidal_integration,salam_tcc,3,1791504518404059822,1791504518418937252,14.877
39_trapezoidal_integration,salam_tcc,4,1791504518418937974,1791504518433944235,15.006
39_trapezoidal_integration,salam_tcc,5,1791504518433944797,1791504518448830954,14.886
39_trapezoidal_integration,salam_tcc,6,1791504518448832096,1791504518463625990,14.794
39_trapezoidal_integration,salam_tcc,7,1791504518463626431,1791504518478376524,14.750
39_trapezoidal_integration,salam_tcc,8,1791504518478376964,1791504518493146723,14.770
39_trapezoidal_integration,salam_tcc,9,1791504518493147204,1791504518507994804,14.848
39_trapezoidal_integration,salam_tcc,10,1791504518507996387,1791504518522792125,14.796
39_trapezoidal_integration,php,1,1791504519063202857,1791504519582806874,519.604
39_trapezoidal_integration,php,2,1791504519582807775,1791504520101642121,518.834
39_trapezoidal_integration,php,3,1791504520101643032,1791504520618729867,517.087
39_trapezoidal_integration,php,4,1791504520618730488,1791504521146072540,527.342
39_trapezoidal_integration,php,5,1791504521146073452,1791504521669198089,523.125
39_trapezoidal_integration,php,6,1791504521669199702,1791504522198505590,529.306
39_trapezoidal_integration,php,7,1791504522198506853,1791504522727254571,528.748
39_trapezoidal_integration,php,8,1791504522727255202,1791504523253862443,526.607
39_trapezoidal_integration,php,9,1791504523253863115,1791504523790242820,536.380
39_trapezoidal_integration,php,10,1791504523790244814,1791504524312093848,521.849
39_trapezoidal_integration,python,1,1791504528187765055,1791504532151171784,3963.407
39_trapezoidal_integration,python,2,1791504532151174259,1791504536240923918,4089.750
39_trapezoidal_integration,python,3,1791504536240924539,1791504540419879248,4178.955
39_trapezoidal_integration,python,4,1791504540419879889,1791504544336014097,3916.134
39_trapezoidal_integration,python,5,1791504544336014738,1791504548269807787,3933.793
39_trapezoidal_integration,python,6,1791504548269810412,1791504552253618762,3983.808
39_trapezoidal_integration,python,7,1791504552253619384,1791504556175591901,3921.973
39_trapezoidal_integration,python,8,1791504556175592792,1791504560085807576,3910.215
39_trapezoidal_integration,python,9,1791504560085808257,1791504563969189939,3883.382
39_trapezoidal_integration,python,10,1791504563969192314,1791504567876096445,3906.904
40_matrix_stdlib_matmul,c,1,1791504577454920177,1791504577508874993,53.955
40_matrix_stdlib_matmul,c,2,1791504577508876176,1791504577562752014,53.876
40_matrix_stdlib_matmul,c,3,1791504577562752635,1791504577616579192,53.827
40_matrix_stdlib_matmul,c,4,1791504577616579743,1791504577670417120,53.837
40_matrix_stdlib_matmul,c,5,1791504577670417751,1791504577723991668,53.574
40_matrix_stdlib_matmul,c,6,1791504577723993812,1791504577777692721,53.699
40_matrix_stdlib_matmul,c,7,1791504577777693492,1791504577831385919,53.692
40_matrix_stdlib_matmul,c,8,1791504577831386591,1791504577885003176,53.617
40_matrix_stdlib_matmul,c,9,1791504577885003556,1791504577938730669,53.727
40_matrix_stdlib_matmul,c,10,1791504577938741830,1791504577992329821,53.588
40_matrix_stdlib_matmul,cpp,1,1791504578048022005,1791504578103276770,55.255
40_matrix_stdlib_matmul,cpp,2,1791504578103278143,1791504578158115215,54.837
40_matrix_stdlib_matmul,cpp,3,1791504578158115907,1791504578212831371,54.715
40_matrix_stdlib_matmul,cpp,4,1791504578212831972,1791504578267958827,55.127
40_matrix_stdlib_matmul,cpp,5,1791504578267959338,1791504578322746046,54.787
40_matrix_stdlib_matmul,cpp,6,1791504578322747739,1791504578377557811,54.810
40_matrix_stdlib_matmul,cpp,7,1791504578377558311,1791504578432372250,54.814
40_matrix_stdlib_matmul,cpp,8,1791504578432372651,1791504578486912726,54.540
40_matrix_stdlib_matmul,cpp,9,1791504578486913087,1791504578541645143,54.732
40_matrix_stdlib_matmul,cpp,10,1791504578541665831,1791504578596352622,54.687
40_matrix_stdlib_matmul,rust,1,1791504578689519923,1791504578782937293,93.417
40_matrix_stdlib_matmul,rust,2,1791504578782937934,1791504578875890052,92.952
40_matrix_stdlib_matmul,rust,3,1791504578875890463,1791504578968853090,92.963
40_matrix_stdlib_matmul,rust,4,1791504578968853531,1791504579061745767,92.892
40_matrix_stdlib_matmul,rust,5,1791504579061746328,1791504579154914911,93.169
40_matrix_stdlib_matmul,rust,6,1791504579154916875,1791504579248501238,93.584
40_matrix_stdlib_matmul,rust,7,1791504579248502049,1791504579342027251,93.525
40_matrix_stdlib_matmul,rust,8,1791504579342027863,1791504579435266928,93.239
40_matrix_stdlib_matmul,rust,9,1791504579435267439,1791504579528275552,93.008
40_matrix_stdlib_matmul,rust,10,1791504579528286713,1791504579621566104,93.279
40_matrix_stdlib_matmul,go,1,1791504579688937247,1791504579755906595,66.969
40_matrix_stdlib_matmul,go,2,1791504579755907597,1791504579824115785,68.208
40_matrix_stdlib_matmul,go,3,1791504579824116377,1791504579891471645,67.355
40_matrix_stdlib_matmul,go,4,1791504579891472446,1791504579958382142,66.910
40_matrix_stdlib_matmul,go,5,1791504579958382593,1791504580024183633,65.801
40_matrix_stdlib_matmul,go,6,1791504580024185166,1791504580091157086,66.972
40_matrix_stdlib_matmul,go,7,1791504580091157767,1791504580159609373,68.452
40_matrix_stdlib_matmul,go,8,1791504580159609823,1791504580228402009,68.792
40_matrix_stdlib_matmul,go,9,1791504580228402720,1791504580294951638,66.549
40_matrix_stdlib_matmul,go,10,1791504580294963240,1791504580361256860,66.294
40_matrix_stdlib_matmul,salam_llvm,1,1791504580377326216,1791504580392932271,15.606
40_matrix_stdlib_matmul,salam_llvm,2,1791504580392932812,1791504580408340205,15.407
40_matrix_stdlib_matmul,salam_llvm,3,1791504580408340686,1791504580423646979,15.306
40_matrix_stdlib_matmul,salam_llvm,4,1791504580423647390,1791504580438871960,15.225
40_matrix_stdlib_matmul,salam_llvm,5,1791504580438872441,1791504580454046747,15.174
40_matrix_stdlib_matmul,salam_llvm,6,1791504580454047909,1791504580469215943,15.168
40_matrix_stdlib_matmul,salam_llvm,7,1791504580469216404,1791504580484349693,15.133
40_matrix_stdlib_matmul,salam_llvm,8,1791504580484350144,1791504580499514321,15.164
40_matrix_stdlib_matmul,salam_llvm,9,1791504580499514802,1791504580514692374,15.178
40_matrix_stdlib_matmul,salam_llvm,10,1791504580514703144,1791504580529926061,15.223
40_matrix_stdlib_matmul,salam_gcc,1,1791504580544743789,1791504580559715686,14.972
40_matrix_stdlib_matmul,salam_gcc,2,1791504580559716247,1791504580574165404,14.449
40_matrix_stdlib_matmul,salam_gcc,3,1791504580574165875,1791504580588402774,14.237
40_matrix_stdlib_matmul,salam_gcc,4,1791504580588403265,1791504580603157486,14.754
40_matrix_stdlib_matmul,salam_gcc,5,1791504580603158017,1791504580617641809,14.484
40_matrix_stdlib_matmul,salam_gcc,6,1791504580617642871,1791504580632223645,14.581
40_matrix_stdlib_matmul,salam_gcc,7,1791504580632224095,1791504580646674505,14.450
40_matrix_stdlib_matmul,salam_gcc,8,1791504580646674966,1791504580660963261,14.288
40_matrix_stdlib_matmul,salam_gcc,9,1791504580660963732,1791504580675605721,14.642
40_matrix_stdlib_matmul,salam_gcc,10,1791504580675616851,1791504580690094361,14.478
40_matrix_stdlib_matmul,salam_tcc,1,1791504580709886190,1791504580729408995,19.523
40_matrix_stdlib_matmul,salam_tcc,2,1791504580729410248,1791504580748855808,19.446
40_matrix_stdlib_matmul,salam_tcc,3,1791504580748856479,1791504580768233982,19.378
40_matrix_stdlib_matmul,salam_tcc,4,1791504580768234673,1791504580787591276,19.357
40_matrix_stdlib_matmul,salam_tcc,5,1791504580787591978,1791504580806929255,19.337
40_matrix_stdlib_matmul,salam_tcc,6,1791504580806934534,1791504580826318900,19.384
40_matrix_stdlib_matmul,salam_tcc,7,1791504580826319611,1791504580846322265,20.003
40_matrix_stdlib_matmul,salam_tcc,8,1791504580846322967,1791504580865950668,19.628
40_matrix_stdlib_matmul,salam_tcc,9,1791504580865951349,1791504580885586685,19.635
40_matrix_stdlib_matmul,salam_tcc,10,1791504580885597696,1791504580905148894,19.551
40_matrix_stdlib_matmul,php,1,1791504582580123779,1791504584318067111,1737.943
40_matrix_stdlib_matmul,php,2,1791504584318068093,1791504585987008498,1668.940
40_matrix_stdlib_matmul,php,3,1791504585987009130,1791504587731315579,1744.306
40_matrix_stdlib_matmul,php,4,1791504587731316220,1791504589496266635,1764.950
40_matrix_stdlib_matmul,php,5,1791504589496267476,1791504591166675465,1670.408
40_matrix_stdlib_matmul,php,6,1791504591166677679,1791504592832601442,1665.924
40_matrix_stdlib_matmul,php,7,1791504592832602083,1791504594503672737,1671.071
40_matrix_stdlib_matmul,php,8,1791504594503673368,1791504596162085560,1658.412
40_matrix_stdlib_matmul,php,9,1791504596162086261,1791504597937054589,1774.968
40_matrix_stdlib_matmul,php,10,1791504597937070750,1791504599703893046,1766.822
40_matrix_stdlib_matmul,python,1,1791504599861208003,1791504600018474642,157.267
40_matrix_stdlib_matmul,python,2,1791504600018475473,1791504600176385457,157.910
40_matrix_stdlib_matmul,python,3,1791504600176386148,1791504600332726944,156.341
40_matrix_stdlib_matmul,python,4,1791504600332727635,1791504600489459843,156.732
40_matrix_stdlib_matmul,python,5,1791504600489460465,1791504600644543285,155.083
40_matrix_stdlib_matmul,python,6,1791504600644545218,1791504600801838277,157.293
40_matrix_stdlib_matmul,python,7,1791504600801838908,1791504600959643294,157.804
40_matrix_stdlib_matmul,python,8,1791504600959643925,1791504601116337792,156.694
40_matrix_stdlib_matmul,python,9,1791504601116338423,1791504601271518425,155.180
40_matrix_stdlib_matmul,python,10,1791504601271533253,1791504601427559500,156.026
41_matrix_stdlib_smallops,c,1,1791504611695135495,1791504611703469534,8.334
41_matrix_stdlib_smallops,c,2,1791504611703470115,1791504611709762207,6.292
41_matrix_stdlib_smallops,c,3,1791504611709762608,1791504611716003729,6.241
41_matrix_stdlib_smallops,c,4,1791504611716004140,1791504611721957089,5.953
41_matrix_stdlib_smallops,c,5,1791504611721957480,1791504611728153975,6.196
41_matrix_stdlib_smallops,c,6,1791504611728154767,1791504611734157429,6.003
41_matrix_stdlib_smallops,c,7,1791504611734157810,1791504611740098245,5.940
41_matrix_stdlib_smallops,c,8,1791504611740098817,1791504611745975252,5.876
41_matrix_stdlib_smallops,c,9,1791504611745975683,1791504611751824828,5.849
41_matrix_stdlib_smallops,c,10,1791504611751825900,1791504611757741389,5.915
41_matrix_stdlib_smallops,cpp,1,1791504611764938185,1791504611771729505,6.791
41_matrix_stdlib_smallops,cpp,2,1791504611771729986,1791504611778513010,6.783
41_matrix_stdlib_smallops,cpp,3,1791504611778513400,1791504611785239718,6.726
41_matrix_stdlib_smallops,cpp,4,1791504611785240119,1791504611791997605,6.757
41_matrix_stdlib_smallops,cpp,5,1791504611791997996,1791504611798754239,6.756
41_matrix_stdlib_smallops,cpp,6,1791504611798755171,1791504611805506806,6.752
41_matrix_stdlib_smallops,cpp,7,1791504611805507237,1791504611812204791,6.698
41_matrix_stdlib_smallops,cpp,8,1791504611812205191,1791504611818909468,6.704
41_matrix_stdlib_smallops,cpp,9,1791504611818909879,1791504611825667645,6.758
41_matrix_stdlib_smallops,cpp,10,1791504611825668707,1791504611832368415,6.700
41_matrix_stdlib_smallops,rust,1,1791504611840238923,1791504611847991062,7.752
41_matrix_stdlib_smallops,rust,2,1791504611847991592,1791504611855722852,7.731
41_matrix_stdlib_smallops,rust,3,1791504611855723243,1791504611863446177,7.723
41_matrix_stdlib_smallops,rust,4,1791504611863446568,1791504611871170674,7.724
41_matrix_stdlib_smallops,rust,5,1791504611871171125,1791504611878733839,7.563
41_matrix_stdlib_smallops,rust,6,1791504611878734741,1791504611886167492,7.433
41_matrix_stdlib_smallops,rust,7,1791504611886167892,1791504611893648513,7.481
41_matrix_stdlib_smallops,rust,8,1791504611893648923,1791504611901234360,7.585
41_matrix_stdlib_smallops,rust,9,1791504611901234781,1791504611908694562,7.460
41_matrix_stdlib_smallops,rust,10,1791504611908695624,1791504611916191603,7.496
41_matrix_stdlib_smallops,go,1,1791504611940086709,1791504611963901361,23.815
41_matrix_stdlib_smallops,go,2,1791504611963901993,1791504611988062560,24.161
41_matrix_stdlib_smallops,go,3,1791504611988063051,1791504612011114216,23.051
41_matrix_stdlib_smallops,go,4,1791504612011114637,1791504612034299349,23.185
41_matrix_stdlib_smallops,go,5,1791504612034299760,1791504612058369306,24.070
41_matrix_stdlib_smallops,go,6,1791504612058370489,1791504612082534636,24.164
41_matrix_stdlib_smallops,go,7,1791504612082535137,1791504612106469503,23.934
41_matrix_stdlib_smallops,go,8,1791504612106470455,1791504612130871618,24.401
41_matrix_stdlib_smallops,go,9,1791504612130872420,1791504612155176636,24.304
41_matrix_stdlib_smallops,go,10,1791504612155178730,1791504612178379325,23.201
41_matrix_stdlib_smallops,salam_llvm,1,1791504612231008523,1791504612285184789,54.176
41_matrix_stdlib_smallops,salam_llvm,2,1791504612285185691,1791504612339269735,54.084
41_matrix_stdlib_smallops,salam_llvm,3,1791504612339270566,1791504612392354717,53.084
41_matrix_stdlib_smallops,salam_llvm,4,1791504612392355398,1791504612445341195,52.986
41_matrix_stdlib_smallops,salam_llvm,5,1791504612445342016,1791504612498935892,53.594
41_matrix_stdlib_smallops,salam_llvm,6,1791504612498938045,1791504612551843912,52.906
41_matrix_stdlib_smallops,salam_llvm,7,1791504612551844553,1791504612604491405,52.647
41_matrix_stdlib_smallops,salam_llvm,8,1791504612604492417,1791504612657263712,52.771
41_matrix_stdlib_smallops,salam_llvm,9,1791504612657264313,1791504612709742358,52.478
41_matrix_stdlib_smallops,salam_llvm,10,1791504612709744002,1791504612762588393,52.844
41_matrix_stdlib_smallops,salam_gcc,1,1791504612825160812,1791504612888712397,63.552
41_matrix_stdlib_smallops,salam_gcc,2,1791504612888713078,1791504612951393521,62.680
41_matrix_stdlib_smallops,salam_gcc,3,1791504612951394233,1791504613019881542,68.487
41_matrix_stdlib_smallops,salam_gcc,4,1791504613019882163,1791504613082812134,62.930
41_matrix_stdlib_smallops,salam_gcc,5,1791504613082812785,1791504613145376680,62.564
41_matrix_stdlib_smallops,salam_gcc,6,1791504613145378634,1791504613207924395,62.546
41_matrix_stdlib_smallops,salam_gcc,7,1791504613207924826,1791504613270585192,62.660
41_matrix_stdlib_smallops,salam_gcc,8,1791504613270585643,1791504613332959552,62.374
41_matrix_stdlib_smallops,salam_gcc,9,1791504613332960003,1791504613396026079,63.066
41_matrix_stdlib_smallops,salam_gcc,10,1791504613396028573,1791504613459027954,62.999
41_matrix_stdlib_smallops,salam_tcc,1,1791504613527175858,1791504613594898655,67.723
41_matrix_stdlib_smallops,salam_tcc,2,1791504613594899707,1791504613662396641,67.497
41_matrix_stdlib_smallops,salam_tcc,3,1791504613662397222,1791504613730088481,67.691
41_matrix_stdlib_smallops,salam_tcc,4,1791504613730089011,1791504613797885366,67.796
41_matrix_stdlib_smallops,salam_tcc,5,1791504613797885998,1791504613865951326,68.065
41_matrix_stdlib_smallops,salam_tcc,6,1791504613865952519,1791504613933962273,68.010
41_matrix_stdlib_smallops,salam_tcc,7,1791504613933962734,1791504614001471621,67.509
41_matrix_stdlib_smallops,salam_tcc,8,1791504614001472082,1791504614069434017,67.962
41_matrix_stdlib_smallops,salam_tcc,9,1791504614069434638,1791504614137831297,68.397
41_matrix_stdlib_smallops,salam_tcc,10,1791504614137832740,1791504614205025595,67.193
41_matrix_stdlib_smallops,php,1,1791504614821154163,1791504615426782076,605.628
41_matrix_stdlib_smallops,php,2,1791504615426783018,1791504616031933607,605.151
41_matrix_stdlib_smallops,php,3,1791504616031934148,1791504616636431675,604.498
41_matrix_stdlib_smallops,php,4,1791504616636432667,1791504617237847560,601.415
41_matrix_stdlib_smallops,php,5,1791504617237848271,1791504617839516523,601.668
41_matrix_stdlib_smallops,php,6,1791504617839518938,1791504618479745157,640.226
41_matrix_stdlib_smallops,php,7,1791504618479745878,1791504619079607733,599.862
41_matrix_stdlib_smallops,php,8,1791504619079608384,1791504619681279848,601.671
41_matrix_stdlib_smallops,php,9,1791504619681280550,1791504620279987092,598.707
41_matrix_stdlib_smallops,php,10,1791504620279989105,1791504620882269340,602.280
41_matrix_stdlib_smallops,python,1,1791504622802120048,1791504624758248164,1956.128
41_matrix_stdlib_smallops,python,2,1791504624758249226,1791504626727169735,1968.921
41_matrix_stdlib_smallops,python,3,1791504626727170447,1791504628655982424,1928.812
41_matrix_stdlib_smallops,python,4,1791504628655983236,1791504630634808545,1978.825
41_matrix_stdlib_smallops,python,5,1791504630634809287,1791504632625218139,1990.409
41_matrix_stdlib_smallops,python,6,1791504632625220924,1791504634615220675,1990.000
41_matrix_stdlib_smallops,python,7,1791504634615221407,1791504636548694770,1933.473
41_matrix_stdlib_smallops,python,8,1791504636548695441,1791504638467834954,1919.140
41_matrix_stdlib_smallops,python,9,1791504638467835675,1791504640411928792,1944.093
41_matrix_stdlib_smallops,python,10,1791504640411931297,1791504642377279062,1965.348
42_tensor_stdlib_matmul,c,1,1791504654506891736,1791504654560956131,54.064
42_tensor_stdlib_matmul,c,2,1791504654560956872,1791504654614577817,53.621
42_tensor_stdlib_matmul,c,3,1791504654614578208,1791504654668272018,53.694
42_tensor_stdlib_matmul,c,4,1791504654668272509,1791504654721735338,53.463
42_tensor_stdlib_matmul,c,5,1791504654721735809,1791504654775336906,53.601
42_tensor_stdlib_matmul,c,6,1791504654775337838,1791504654828891727,53.554
42_tensor_stdlib_matmul,c,7,1791504654828892167,1791504654882679714,53.788
42_tensor_stdlib_matmul,c,8,1791504654882680205,1791504654936353467,53.673
42_tensor_stdlib_matmul,c,9,1791504654936354038,1791504654990197149,53.843
42_tensor_stdlib_matmul,c,10,1791504654990199193,1791504655043932257,53.733
42_tensor_stdlib_matmul,cpp,1,1791504655099236183,1791504655154212866,54.977
42_tensor_stdlib_matmul,cpp,2,1791504655154213667,1791504655209760007,55.546
42_tensor_stdlib_matmul,cpp,3,1791504655209760628,1791504655264969846,55.209
42_tensor_stdlib_matmul,cpp,4,1791504655264970738,1791504655319929909,54.959
42_tensor_stdlib_matmul,cpp,5,1791504655319930450,1791504655374764706,54.834
42_tensor_stdlib_matmul,cpp,6,1791504655374765978,1791504655429765454,54.999
42_tensor_stdlib_matmul,cpp,7,1791504655429766065,1791504655485106660,55.341
42_tensor_stdlib_matmul,cpp,8,1791504655485107311,1791504655540217574,55.110
42_tensor_stdlib_matmul,cpp,9,1791504655540218205,1791504655595554431,55.336
42_tensor_stdlib_matmul,cpp,10,1791504655595556355,1791504655651272082,55.716
42_tensor_stdlib_matmul,rust,1,1791504655744802544,1791504655838791837,93.989
42_tensor_stdlib_matmul,rust,2,1791504655838792769,1791504655931980151,93.187
42_tensor_stdlib_matmul,rust,3,1791504655931980772,1791504656025397845,93.417
42_tensor_stdlib_matmul,rust,4,1791504656025398656,1791504656119029729,93.631
42_tensor_stdlib_matmul,rust,5,1791504656119030350,1791504656212661623,93.631
42_tensor_stdlib_matmul,rust,6,1791504656212663276,1791504656306381763,93.718
42_tensor_stdlib_matmul,rust,7,1791504656306382384,1791504656399981517,93.599
42_tensor_stdlib_matmul,rust,8,1791504656399982168,1791504656493760006,93.778
42_tensor_stdlib_matmul,rust,9,1791504656493760657,1791504656587753207,93.993
42_tensor_stdlib_matmul,rust,10,1791504656587755251,1791504656681419035,93.664
42_tensor_stdlib_matmul,go,1,1791504656749629604,1791504656817642862,68.013
42_tensor_stdlib_matmul,go,2,1791504656817644896,1791504656885783099,68.138
42_tensor_stdlib_matmul,go,3,1791504656885784391,1791504656955291372,69.507
42_tensor_stdlib_matmul,go,4,1791504656955292674,1791504657023058295,67.766
42_tensor_stdlib_matmul,go,5,1791504657023059106,1791504657090716544,67.657
42_tensor_stdlib_matmul,go,6,1791504657090719259,1791504657158275482,67.556
42_tensor_stdlib_matmul,go,7,1791504657158276053,1791504657226126327,67.850
42_tensor_stdlib_matmul,go,8,1791504657226127228,1791504657293626915,67.500
42_tensor_stdlib_matmul,go,9,1791504657293627717,1791504657360673925,67.046
42_tensor_stdlib_matmul,go,10,1791504657360676871,1791504657428123964,67.447
42_tensor_stdlib_matmul,salam_llvm,1,1791504657438160230,1791504657447436439,9.276
42_tensor_stdlib_matmul,salam_llvm,2,1791504657447437181,1791504657456633591,9.196
42_tensor_stdlib_matmul,salam_llvm,3,1791504657456634152,1791504657465794835,9.161
42_tensor_stdlib_matmul,salam_llvm,4,1791504657465795416,1791504657474915864,9.120
42_tensor_stdlib_matmul,salam_llvm,5,1791504657474916465,1791504657483943077,9.027
42_tensor_stdlib_matmul,salam_llvm,6,1791504657483944240,1791504657493006208,9.062
42_tensor_stdlib_matmul,salam_llvm,7,1791504657493006739,1791504657502024905,9.018
42_tensor_stdlib_matmul,salam_llvm,8,1791504657502025426,1791504657511005912,8.980
42_tensor_stdlib_matmul,salam_llvm,9,1791504657511006523,1791504657519951232,8.945
42_tensor_stdlib_matmul,salam_llvm,10,1791504657519952865,1791504657529038888,9.086
42_tensor_stdlib_matmul,salam_gcc,1,1791504657538233696,1791504657547266850,9.033
42_tensor_stdlib_matmul,salam_gcc,2,1791504657547267501,1791504657556253047,8.986
42_tensor_stdlib_matmul,salam_gcc,3,1791504657556253518,1791504657565297272,9.044
42_tensor_stdlib_matmul,salam_gcc,4,1791504657565297713,1791504657574296202,8.998
42_tensor_stdlib_matmul,salam_gcc,5,1791504657574296773,1791504657583272901,8.976
42_tensor_stdlib_matmul,salam_gcc,6,1791504657583274263,1791504657592217970,8.944
42_tensor_stdlib_matmul,salam_gcc,7,1791504657592218421,1791504657601042875,8.824
42_tensor_stdlib_matmul,salam_gcc,8,1791504657601043576,1791504657609975882,8.932
42_tensor_stdlib_matmul,salam_gcc,9,1791504657609976453,1791504657618891426,8.915
42_tensor_stdlib_matmul,salam_gcc,10,1791504657618892999,1791504657627771183,8.878
42_tensor_stdlib_matmul,salam_tcc,1,1791504657637823013,1791504657647192277,9.369
42_tensor_stdlib_matmul,salam_tcc,2,1791504657647197296,1791504657656570958,9.374
42_tensor_stdlib_matmul,salam_tcc,3,1791504657656571369,1791504657665866714,9.295
42_tensor_stdlib_matmul,salam_tcc,4,1791504657665867105,1791504657675161248,9.294
42_tensor_stdlib_matmul,salam_tcc,5,1791504657675161619,1791504657684755824,9.594
42_tensor_stdlib_matmul,salam_tcc,6,1791504657684757397,1791504657694137962,9.381
42_tensor_stdlib_matmul,salam_tcc,7,1791504657694138452,1791504657703472270,9.334
42_tensor_stdlib_matmul,salam_tcc,8,1791504657703472891,1791504657712859037,9.386
42_tensor_stdlib_matmul,salam_tcc,9,1791504657712859417,1791504657722174830,9.315
42_tensor_stdlib_matmul,salam_tcc,10,1791504657722176253,1791504657731669519,9.493
42_tensor_stdlib_matmul,php,1,1791504659400257709,1791504661061201192,1660.943
42_tensor_stdlib_matmul,php,2,1791504661061202695,1791504662723390539,1662.188
42_tensor_stdlib_matmul,php,3,1791504662723391160,1791504664495921969,1772.531
42_tensor_stdlib_matmul,php,4,1791504664495922881,1791504666273373189,1777.450
42_tensor_stdlib_matmul,php,5,1791504666273373890,1791504667948944880,1675.571
42_tensor_stdlib_matmul,php,6,1791504667948947605,1791504669613395938,1664.448
42_tensor_stdlib_matmul,php,7,1791504669613396609,1791504671266352305,1652.956
42_tensor_stdlib_matmul,php,8,1791504671266353207,1791504673012415910,1746.063
42_tensor_stdlib_matmul,php,9,1791504673012416572,1791504674690646067,1678.229
42_tensor_stdlib_matmul,php,10,1791504674690648781,1791504676348806541,1658.158
42_tensor_stdlib_matmul,python,1,1791504676507541334,1791504676665107980,157.567
42_tensor_stdlib_matmul,python,2,1791504676665109002,1791504676826409130,161.300
42_tensor_stdlib_matmul,python,3,1791504676826410172,1791504676986081339,159.671
42_tensor_stdlib_matmul,python,4,1791504676986082321,1791504677146442148,160.360
42_tensor_stdlib_matmul,python,5,1791504677146442809,1791504677304642450,158.200
42_tensor_stdlib_matmul,python,6,1791504677304644885,1791504677464482744,159.838
42_tensor_stdlib_matmul,python,7,1791504677464510166,1791504677624004501,159.494
42_tensor_stdlib_matmul,python,8,1791504677624005203,1791504677785177061,161.172
42_tensor_stdlib_matmul,python,9,1791504677785178123,1791504677948126538,162.948
42_tensor_stdlib_matmul,python,10,1791504677948129333,1791504678109274320,161.145
